SID,Password
SID2609017132,123456@Aa
SID2609017133,123456@Aa
SID2609017134,123456@Aa
SID2609017137,123456@Aa
SID2609017136,123456@Aa
SID2609017135,123456@Aa
SID2609017139,123456@Aa
SID2609017141,123456@Aa
SID2609017143,123456@Aa
SID2609017146,123456@Aa
SID2609017149,123456@Aa
SID2609017152,123456@Aa
SID2609017142,123456@Aa
SID2609017145,123456@Aa
SID2609017147,123456@Aa
SID2609017156,123456@Aa
SID2609017159,123456@Aa
SID2609017162,123456@Aa
SID2609017165,123456@Aa
SID2609017138,123456@Aa
SID2609017150,123456@Aa
SID2609017167,123456@Aa
SID2609017153,123456@Aa
SID2609017171,123456@Aa
SID2609017155,123456@Aa
SID2609017174,123456@Aa
SID2609017140,123456@Aa
SID2609017158,123456@Aa
SID2609017161,123456@Aa
SID2609017144,123456@Aa
SID2609017148,123456@Aa
SID2609017151,123456@Aa
SID2609017154,123456@Aa
SID2609017157,123456@Aa
SID2609017177,123456@Aa
SID2609017160,123456@Aa
SID2609017180,123456@Aa
SID2609017184,123456@Aa
SID2609017164,123456@Aa
SID2609017166,123456@Aa
SID2609017186,123456@Aa
SID2609017190,123456@Aa
SID2609017163,123456@Aa
SID2609017194,123456@Aa
SID2609017168,123456@Aa
SID2609017196,123456@Aa
SID2609017170,123456@Aa
SID2609017169,123456@Aa
SID2609017173,123456@Aa
SID2609017201,123456@Aa
SID2609017204,123456@Aa
SID2609017176,123456@Aa
SID2609017179,123456@Aa
SID2609017183,123456@Aa
SID2609017207,123456@Aa
SID2609017210,123456@Aa
SID2609017188,123456@Aa
SID2609017172,123456@Aa
SID2609017175,123456@Aa
SID2609017213,123456@Aa
SID2609017191,123456@Aa
SID2609017193,123456@Aa
SID2609017216,123456@Aa
SID2609017197,123456@Aa
SID2609017219,123456@Aa
SID2609017178,123456@Aa
SID2609017181,123456@Aa
SID2609017199,123456@Aa
SID2609017202,123456@Aa
SID2609017205,123456@Aa
SID2609017222,123456@Aa
SID2609017208,123456@Aa
SID2609017225,123456@Aa
SID2609017212,123456@Aa
SID2609017182,123456@Aa
SID2609017215,123456@Aa
SID2609017218,123456@Aa
SID2609017185,123456@Aa
SID2609017227,123456@Aa
SID2609017187,123456@Aa
SID2609017221,123456@Aa
SID2609017232,123456@Aa
SID2609017189,123456@Aa
SID2609017192,123456@Aa
SID2609017234,123456@Aa
SID2609017195,123456@Aa
SID2609017198,123456@Aa
SID2609017224,123456@Aa
SID2609017237,123456@Aa
SID2609017240,123456@Aa
SID2609017228,123456@Aa
SID2609017200,123456@Aa
SID2609017203,123456@Aa
SID2609017206,123456@Aa
SID2609017209,123456@Aa
SID2609017230,123456@Aa
SID2609017211,123456@Aa
SID2609017233,123456@Aa
SID2609017236,123456@Aa
SID2609017243,123456@Aa
SID2609017246,123456@Aa
SID2609017249,123456@Aa
SID2609017251,123456@Aa
SID2609017239,123456@Aa
SID2609017254,123456@Aa
SID2609017214,123456@Aa
SID2609017217,123456@Aa
SID2609017220,123456@Aa
SID2609017242,123456@Aa
SID2609017223,123456@Aa
SID2609017257,123456@Aa
SID2609017260,123456@Aa
SID2609017245,123456@Aa
SID2609017248,123456@Aa
SID2609017263,123456@Aa
SID2609017226,123456@Aa
SID2609017250,123456@Aa
SID2609017253,123456@Aa
SID2609017256,123456@Aa
SID2609017267,123456@Aa
SID2609017229,123456@Aa
SID2609017231,123456@Aa
SID2609017259,123456@Aa
SID2609017235,123456@Aa
SID2609017238,123456@Aa
SID2609017241,123456@Aa
SID2609017262,123456@Aa
SID2609017265,123456@Aa
SID2609017244,123456@Aa
SID2609017268,123456@Aa
SID2609017247,123456@Aa
SID2609017271,123456@Aa
SID2609017269,123456@Aa
SID2609017252,123456@Aa
SID2609017273,123456@Aa
SID2609017255,123456@Aa
SID2609017274,123456@Aa
SID2609017276,123456@Aa
SID2609017258,123456@Aa
SID2609017279,123456@Aa
SID2609017261,123456@Aa
SID2609017264,123456@Aa
SID2609017282,123456@Aa
SID2609017266,123456@Aa
SID2609017270,123456@Aa
SID2609017277,123456@Aa
SID2609017280,123456@Aa
SID2609017283,123456@Aa
SID2609017286,123456@Aa
SID2609017272,123456@Aa
SID2609017285,123456@Aa
SID2609017290,123456@Aa
SID2609017275,123456@Aa
SID2609017278,123456@Aa
SID2609017288,123456@Aa
SID2609017293,123456@Aa
SID2609017291,123456@Aa
SID2609017294,123456@Aa
SID2609017296,123456@Aa
SID2609017297,123456@Aa
SID2609017299,123456@Aa
SID2609017301,123456@Aa
SID2609017281,123456@Aa
SID2609017303,123456@Aa
SID2609017306,123456@Aa
SID2609017284,123456@Aa
SID2609017304,123456@Aa
SID2609017309,123456@Aa
SID2609017307,123456@Aa
SID2609017311,123456@Aa
SID2609017287,123456@Aa
SID2609017289,123456@Aa
SID2609017292,123456@Aa
SID2609017310,123456@Aa
SID2609017313,123456@Aa
SID2609017295,123456@Aa
SID2609017298,123456@Aa
SID2609017315,123456@Aa
SID2609017318,123456@Aa
SID2609017316,123456@Aa
SID2609017320,123456@Aa
SID2609017300,123456@Aa
SID2609017321,123456@Aa
SID2609017323,123456@Aa
SID2609017324,123456@Aa
SID2609017325,123456@Aa
SID2609017327,123456@Aa
SID2609017329,123456@Aa
SID2609017333,123456@Aa
SID2609017336,123456@Aa
SID2609017340,123456@Aa
SID2609017328,123456@Aa
SID2609017302,123456@Aa
SID2609017331,123456@Aa
SID2609017305,123456@Aa
SID2609017343,123456@Aa
SID2609017335,123456@Aa
SID2609017346,123456@Aa
SID2609017308,123456@Aa
SID2609017349,123456@Aa
SID2609017338,123456@Aa
SID2609017352,123456@Aa
SID2609017312,123456@Aa
SID2609017314,123456@Aa
SID2609017355,123456@Aa
SID2609017358,123456@Aa
SID2609017361,123456@Aa
SID2609017365,123456@Aa
SID2609017368,123456@Aa
SID2609017371,123456@Aa
SID2609017317,123456@Aa
SID2609017319,123456@Aa
SID2609017322,123456@Aa
SID2609017326,123456@Aa
SID2609017374,123456@Aa
SID2609017341,123456@Aa
SID2609017377,123456@Aa
SID2609017344,123456@Aa
SID2609017348,123456@Aa
SID2609017351,123456@Aa
SID2609017330,123456@Aa
SID2609017354,123456@Aa
SID2609017357,123456@Aa
SID2609017380,123456@Aa
SID2609017360,123456@Aa
SID2609017362,123456@Aa
SID2609017382,123456@Aa
SID2609017364,123456@Aa
SID2609017332,123456@Aa
SID2609017367,123456@Aa
SID2609017334,123456@Aa
SID2609017370,123456@Aa
SID2609017337,123456@Aa
SID2609017385,123456@Aa
SID2609017373,123456@Aa
SID2609017339,123456@Aa
SID2609017376,123456@Aa
SID2609017388,123456@Aa
SID2609017379,123456@Aa
SID2609017383,123456@Aa
SID2609017386,123456@Aa
SID2609017342,123456@Aa
SID2609017345,123456@Aa
SID2609017389,123456@Aa
SID2609017392,123456@Aa
SID2609017391,123456@Aa
SID2609017347,123456@Aa
SID2609017394,123456@Aa
SID2609017397,123456@Aa
SID2609017395,123456@Aa
SID2609017398,123456@Aa
SID2609017350,123456@Aa
SID2609017353,123456@Aa
SID2609017356,123456@Aa
SID2609017359,123456@Aa
SID2609017400,123456@Aa
SID2609017363,123456@Aa
SID2609017401,123456@Aa
SID2609017403,123456@Aa
SID2609017366,123456@Aa
SID2609017406,123456@Aa
SID2609017404,123456@Aa
SID2609017369,123456@Aa
SID2609017407,123456@Aa
SID2609017410,123456@Aa
SID2609017409,123456@Aa
SID2609017372,123456@Aa
SID2609017375,123456@Aa
SID2609017413,123456@Aa
SID2609017412,123456@Aa
SID2609017416,123456@Aa
SID2609017378,123456@Aa
SID2609017415,123456@Aa
SID2609017418,123456@Aa
SID2609017381,123456@Aa
SID2609017421,123456@Aa
SID2609017419,123456@Aa
SID2609017422,123456@Aa
SID2609017424,123456@Aa
SID2609017427,123456@Aa
SID2609017384,123456@Aa
SID2609017387,123456@Aa
SID2609017430,123456@Aa
SID2609017390,123456@Aa
SID2609017433,123456@Aa
SID2609017435,123456@Aa
SID2609017425,123456@Aa
SID2609017428,123456@Aa
SID2609017393,123456@Aa
SID2609017396,123456@Aa
SID2609017431,123456@Aa
SID2609017434,123456@Aa
SID2609017437,123456@Aa
SID2609017439,123456@Aa
SID2609017440,123456@Aa
SID2609017399,123456@Aa
SID2609017443,123456@Aa
SID2609017402,123456@Aa
SID2609017446,123456@Aa
SID2609017405,123456@Aa
SID2609017441,123456@Aa
SID2609017445,123456@Aa
SID2609017408,123456@Aa
SID2609017411,123456@Aa
SID2609017448,123456@Aa
SID2609017414,123456@Aa
SID2609017452,123456@Aa
SID2609017455,123456@Aa
SID2609017458,123456@Aa
SID2609017460,123456@Aa
SID2609017417,123456@Aa
SID2609017420,123456@Aa
SID2609017423,123456@Aa
SID2609017426,123456@Aa
SID2609017464,123456@Aa
SID2609017467,123456@Aa
SID2609017470,123456@Aa
SID2609017449,123456@Aa
SID2609017429,123456@Aa
SID2609017453,123456@Aa
SID2609017473,123456@Aa
SID2609017456,123456@Aa
SID2609017477,123456@Aa
SID2609017480,123456@Aa
SID2609017459,123456@Aa
SID2609017462,123456@Aa
SID2609017465,123456@Aa
SID2609017468,123456@Aa
SID2609017432,123456@Aa
SID2609017436,123456@Aa
SID2609017438,123456@Aa
SID2609017442,123456@Aa
SID2609017471,123456@Aa
SID2609017474,123456@Aa
SID2609017476,123456@Aa
SID2609017479,123456@Aa
SID2609017483,123456@Aa
SID2609017444,123456@Aa
SID2609017482,123456@Aa
SID2609017486,123456@Aa
SID2609017489,123456@Aa
SID2609017447,123456@Aa
SID2609017485,123456@Aa
SID2609017450,123456@Aa
SID2609017491,123456@Aa
SID2609017493,123456@Aa
SID2609017451,123456@Aa
SID2609017454,123456@Aa
SID2609017496,123456@Aa
SID2609017499,123456@Aa
SID2609017488,123456@Aa
SID2609017502,123456@Aa
SID2609017457,123456@Aa
SID2609017461,123456@Aa
SID2609017505,123456@Aa
SID2609017508,123456@Aa
SID2609017463,123456@Aa
SID2609017492,123456@Aa
SID2609017466,123456@Aa
SID2609017469,123456@Aa
SID2609017472,123456@Aa
SID2609017511,123456@Aa
SID2609017475,123456@Aa
SID2609017514,123456@Aa
SID2609017478,123456@Aa
SID2609017494,123456@Aa
SID2609017517,123456@Aa
SID2609017481,123456@Aa
SID2609017497,123456@Aa
SID2609017484,123456@Aa
SID2609017500,123456@Aa
SID2609017520,123456@Aa
SID2609017487,123456@Aa
SID2609017490,123456@Aa
SID2609017523,123456@Aa
SID2609017503,123456@Aa
SID2609017526,123456@Aa
SID2609017506,123456@Aa
SID2609017509,123456@Aa
SID2609017495,123456@Aa
SID2609017498,123456@Aa
SID2609017530,123456@Aa
SID2609017512,123456@Aa
SID2609017515,123456@Aa
SID2609017501,123456@Aa
SID2609017533,123456@Aa
SID2609017518,123456@Aa
SID2609017535,123456@Aa
SID2609017521,123456@Aa
SID2609017538,123456@Aa
SID2609017504,123456@Aa
SID2609017541,123456@Aa
SID2609017507,123456@Aa
SID2609017524,123456@Aa
SID2609017543,123456@Aa
SID2609017527,123456@Aa
SID2609017529,123456@Aa
SID2609017546,123456@Aa
SID2609017549,123456@Aa
SID2609017553,123456@Aa
SID2609017510,123456@Aa
SID2609017556,123456@Aa
SID2609017532,123456@Aa
SID2609017559,123456@Aa
SID2609017513,123456@Aa
SID2609017536,123456@Aa
SID2609017563,123456@Aa
SID2609017516,123456@Aa
SID2609017539,123456@Aa
SID2609017542,123456@Aa
SID2609017566,123456@Aa
SID2609017545,123456@Aa
SID2609017519,123456@Aa
SID2609017548,123456@Aa
SID2609017571,123456@Aa
SID2609017551,123456@Aa
SID2609017522,123456@Aa
SID2609017555,123456@Aa
SID2609017557,123456@Aa
SID2609017525,123456@Aa
SID2609017561,123456@Aa
SID2609017574,123456@Aa
SID2609017577,123456@Aa
SID2609017581,123456@Aa
SID2609017585,123456@Aa
SID2609017564,123456@Aa
SID2609017528,123456@Aa
SID2609017568,123456@Aa
SID2609017588,123456@Aa
SID2609017592,123456@Aa
SID2609017569,123456@Aa
SID2609017572,123456@Aa
SID2609017594,123456@Aa
SID2609017575,123456@Aa
SID2609017597,123456@Aa
SID2609017600,123456@Aa
SID2609017602,123456@Aa
SID2609017531,123456@Aa
SID2609017534,123456@Aa
SID2609017537,123456@Aa
SID2609017540,123456@Aa
SID2609017578,123456@Aa
SID2609017605,123456@Aa
SID2609017580,123456@Aa
SID2609017583,123456@Aa
SID2609017544,123456@Aa
SID2609017586,123456@Aa
SID2609017590,123456@Aa
SID2609017593,123456@Aa
SID2609017596,123456@Aa
SID2609017609,123456@Aa
SID2609017612,123456@Aa
SID2609017615,123456@Aa
SID2609017547,123456@Aa
SID2609017599,123456@Aa
SID2609017550,123456@Aa
SID2609017618,123456@Aa
SID2609017621,123456@Aa
SID2609017552,123456@Aa
SID2609017624,123456@Aa
SID2609017554,123456@Aa
SID2609017627,123456@Aa
SID2609017603,123456@Aa
SID2609017606,123456@Aa
SID2609017558,123456@Aa
SID2609017608,123456@Aa
SID2609017611,123456@Aa
SID2609017614,123456@Aa
SID2609017631,123456@Aa
SID2609017635,123456@Aa
SID2609017617,123456@Aa
SID2609017638,123456@Aa
SID2609017641,123456@Aa
SID2609017644,123456@Aa
SID2609017560,123456@Aa
SID2609017620,123456@Aa
SID2609017647,123456@Aa
SID2609017623,123456@Aa
SID2609017562,123456@Aa
SID2609017565,123456@Aa
SID2609017650,123456@Aa
SID2609017626,123456@Aa
SID2609017653,123456@Aa
SID2609017567,123456@Aa
SID2609017656,123456@Aa
SID2609017570,123456@Aa
SID2609017659,123456@Aa
SID2609017628,123456@Aa
SID2609017573,123456@Aa
SID2609017630,123456@Aa
SID2609017576,123456@Aa
SID2609017662,123456@Aa
SID2609017633,123456@Aa
SID2609017665,123456@Aa
SID2609017668,123456@Aa
SID2609017671,123456@Aa
SID2609017675,123456@Aa
SID2609017678,123456@Aa
SID2609017681,123456@Aa
SID2609017579,123456@Aa
SID2609017582,123456@Aa
SID2609017685,123456@Aa
SID2609017584,123456@Aa
SID2609017689,123456@Aa
SID2609017692,123456@Aa
SID2609017695,123456@Aa
SID2609017587,123456@Aa
SID2609017636,123456@Aa
SID2609017698,123456@Aa
SID2609017701,123456@Aa
SID2609017589,123456@Aa
SID2609017591,123456@Aa
SID2609017595,123456@Aa
SID2609017639,123456@Aa
SID2609017704,123456@Aa
SID2609017598,123456@Aa
SID2609017601,123456@Aa
SID2609017604,123456@Aa
SID2609017607,123456@Aa
SID2609017642,123456@Aa
SID2609017645,123456@Aa
SID2609017648,123456@Aa
SID2609017651,123456@Aa
SID2609017707,123456@Aa
SID2609017610,123456@Aa
SID2609017654,123456@Aa
SID2609017710,123456@Aa
SID2609017658,123456@Aa
SID2609017713,123456@Aa
SID2609017613,123456@Aa
SID2609017661,123456@Aa
SID2609017716,123456@Aa
SID2609017719,123456@Aa
SID2609017616,123456@Aa
SID2609017619,123456@Aa
SID2609017622,123456@Aa
SID2609017722,123456@Aa
SID2609017663,123456@Aa
SID2609017666,123456@Aa
SID2609017625,123456@Aa
SID2609017629,123456@Aa
SID2609017632,123456@Aa
SID2609017634,123456@Aa
SID2609017725,123456@Aa
SID2609017637,123456@Aa
SID2609017728,123456@Aa
SID2609017669,123456@Aa
SID2609017640,123456@Aa
SID2609017731,123456@Aa
SID2609017734,123456@Aa
SID2609017672,123456@Aa
SID2609017676,123456@Aa
SID2609017643,123456@Aa
SID2609017646,123456@Aa
SID2609017649,123456@Aa
SID2609017679,123456@Aa
SID2609017652,123456@Aa
SID2609017682,123456@Aa
SID2609017655,123456@Aa
SID2609017657,123456@Aa
SID2609017684,123456@Aa
SID2609017687,123456@Aa
SID2609017660,123456@Aa
SID2609017664,123456@Aa
SID2609017737,123456@Aa
SID2609017740,123456@Aa
SID2609017667,123456@Aa
SID2609017670,123456@Aa
SID2609017673,123456@Aa
SID2609017674,123456@Aa
SID2609017690,123456@Aa
SID2609017677,123456@Aa
SID2609017743,123456@Aa
SID2609017748,123456@Aa
SID2609017693,123456@Aa
SID2609017680,123456@Aa
SID2609017749,123456@Aa
SID2609017697,123456@Aa
SID2609017699,123456@Aa
SID2609017752,123456@Aa
SID2609017703,123456@Aa
SID2609017683,123456@Aa
SID2609017686,123456@Aa
SID2609017755,123456@Aa
SID2609017688,123456@Aa
SID2609017758,123456@Aa
SID2609017691,123456@Aa
SID2609017694,123456@Aa
SID2609017696,123456@Aa
SID2609017706,123456@Aa
SID2609017700,123456@Aa
SID2609017761,123456@Aa
SID2609017765,123456@Aa
SID2609017709,123456@Aa
SID2609017712,123456@Aa
SID2609017702,123456@Aa
SID2609017705,123456@Aa
SID2609017768,123456@Aa
SID2609017771,123456@Aa
SID2609017774,123456@Aa
SID2609017777,123456@Aa
SID2609017714,123456@Aa
SID2609017708,123456@Aa
SID2609017780,123456@Aa
SID2609017717,123456@Aa
SID2609017711,123456@Aa
SID2609017720,123456@Aa
SID2609017715,123456@Aa
SID2609017723,123456@Aa
SID2609017718,123456@Aa
SID2609017781,123456@Aa
SID2609017721,123456@Aa
SID2609017726,123456@Aa
SID2609017724,123456@Aa
SID2609017729,123456@Aa
SID2609017732,123456@Aa
SID2609017735,123456@Aa
SID2609017727,123456@Aa
SID2609017730,123456@Aa
SID2609017733,123456@Aa
SID2609017784,123456@Aa
SID2609017787,123456@Aa
SID2609017736,123456@Aa
SID2609017738,123456@Aa
SID2609017790,123456@Aa
SID2609017793,123456@Aa
SID2609017741,123456@Aa
SID2609017745,123456@Aa
SID2609017797,123456@Aa
SID2609017799,123456@Aa
SID2609017802,123456@Aa
SID2609017739,123456@Aa
SID2609017805,123456@Aa
SID2609017742,123456@Aa
SID2609017747,123456@Aa
SID2609017808,123456@Aa
SID2609017751,123456@Aa
SID2609017744,123456@Aa
SID2609017811,123456@Aa
SID2609017746,123456@Aa
SID2609017754,123456@Aa
SID2609017750,123456@Aa
SID2609017757,123456@Aa
SID2609017760,123456@Aa
SID2609017753,123456@Aa
SID2609017756,123456@Aa
SID2609017763,123456@Aa
SID2609017766,123456@Aa
SID2609017770,123456@Aa
SID2609017759,123456@Aa
SID2609017762,123456@Aa
SID2609017772,123456@Aa
SID2609017814,123456@Aa
SID2609017817,123456@Aa
SID2609017775,123456@Aa
SID2609017764,123456@Aa
SID2609017778,123456@Aa
SID2609017767,123456@Aa
SID2609017819,123456@Aa
SID2609017769,123456@Aa
SID2609017783,123456@Aa
SID2609017773,123456@Aa
SID2609017786,123456@Aa
SID2609017788,123456@Aa
SID2609017792,123456@Aa
SID2609017822,123456@Aa
SID2609017795,123456@Aa
SID2609017825,123456@Aa
SID2609017776,123456@Aa
SID2609017827,123456@Aa
SID2609017798,123456@Aa
SID2609017779,123456@Aa
SID2609017801,123456@Aa
SID2609017830,123456@Aa
SID2609017804,123456@Aa
SID2609017833,123456@Aa
SID2609017782,123456@Aa
SID2609017836,123456@Aa
SID2609017807,123456@Aa
SID2609017839,123456@Aa
SID2609017785,123456@Aa
SID2609017842,123456@Aa
SID2609017810,123456@Aa
SID2609017789,123456@Aa
SID2609017813,123456@Aa
SID2609017845,123456@Aa
SID2609017815,123456@Aa
SID2609017848,123456@Aa
SID2609017818,123456@Aa
SID2609017851,123456@Aa
SID2609017791,123456@Aa
SID2609017854,123456@Aa
SID2609017794,123456@Aa
SID2609017821,123456@Aa
SID2609017857,123456@Aa
SID2609017824,123456@Aa
SID2609017828,123456@Aa
SID2609017831,123456@Aa
SID2609017796,123456@Aa
SID2609017834,123456@Aa
SID2609017800,123456@Aa
SID2609017837,123456@Aa
SID2609017840,123456@Aa
SID2609017843,123456@Aa
SID2609017846,123456@Aa
SID2609017803,123456@Aa
SID2609017850,123456@Aa
SID2609017806,123456@Aa
SID2609017853,123456@Aa
SID2609017809,123456@Aa
SID2609017855,123456@Aa
SID2609017812,123456@Aa
SID2609017858,123456@Aa
SID2609017862,123456@Aa
SID2609017860,123456@Aa
SID2609017863,123456@Aa
SID2609017816,123456@Aa
SID2609017865,123456@Aa
SID2609017866,123456@Aa
SID2609017868,123456@Aa
SID2609017871,123456@Aa
SID2609017820,123456@Aa
SID2609017823,123456@Aa
SID2609017826,123456@Aa
SID2609017829,123456@Aa
SID2609017832,123456@Aa
SID2609017835,123456@Aa
SID2609017838,123456@Aa
SID2609017869,123456@Aa
SID2609017841,123456@Aa
SID2609017844,123456@Aa
SID2609017847,123456@Aa
SID2609017874,123456@Aa
SID2609017877,123456@Aa
SID2609017880,123456@Aa
SID2609017872,123456@Aa
SID2609017849,123456@Aa
SID2609017875,123456@Aa
SID2609017852,123456@Aa
SID2609017856,123456@Aa
SID2609017883,123456@Aa
SID2609017886,123456@Aa
SID2609017859,123456@Aa
SID2609017889,123456@Aa
SID2609017892,123456@Aa
SID2609017878,123456@Aa
SID2609017861,123456@Aa
SID2609017864,123456@Aa
SID2609017881,123456@Aa
SID2609017895,123456@Aa
SID2609017867,123456@Aa
SID2609017884,123456@Aa
SID2609017898,123456@Aa
SID2609017887,123456@Aa
SID2609017901,123456@Aa
SID2609017870,123456@Aa
SID2609017904,123456@Aa
SID2609017908,123456@Aa
SID2609017911,123456@Aa
SID2609017873,123456@Aa
SID2609017876,123456@Aa
SID2609017915,123456@Aa
SID2609017890,123456@Aa
SID2609017879,123456@Aa
SID2609017882,123456@Aa
SID2609017893,123456@Aa
SID2609017918,123456@Aa
SID2609017921,123456@Aa
SID2609017885,123456@Aa
SID2609017923,123456@Aa
SID2609017896,123456@Aa
SID2609017900,123456@Aa
SID2609017903,123456@Aa
SID2609017888,123456@Aa
SID2609017926,123456@Aa
SID2609017930,123456@Aa
SID2609017906,123456@Aa
SID2609017933,123456@Aa
SID2609017936,123456@Aa
SID2609017907,123456@Aa
SID2609017939,123456@Aa
SID2609017891,123456@Aa
SID2609017942,123456@Aa
SID2609017912,123456@Aa
SID2609017894,123456@Aa
SID2609017914,123456@Aa
SID2609017945,123456@Aa
SID2609017917,123456@Aa
SID2609017948,123456@Aa
SID2609017897,123456@Aa
SID2609017920,123456@Aa
SID2609017924,123456@Aa
SID2609017951,123456@Aa
SID2609017928,123456@Aa
SID2609017954,123456@Aa
SID2609017899,123456@Aa
SID2609017902,123456@Aa
SID2609017957,123456@Aa
SID2609017905,123456@Aa
SID2609017960,123456@Aa
SID2609017909,123456@Aa
SID2609017910,123456@Aa
SID2609017931,123456@Aa
SID2609017935,123456@Aa
SID2609017938,123456@Aa
SID2609017913,123456@Aa
SID2609017916,123456@Aa
SID2609017941,123456@Aa
SID2609017944,123456@Aa
SID2609017963,123456@Aa
SID2609017947,123456@Aa
SID2609017919,123456@Aa
SID2609017965,123456@Aa
SID2609017922,123456@Aa
SID2609017925,123456@Aa
SID2609017968,123456@Aa
SID2609017950,123456@Aa
SID2609017953,123456@Aa
SID2609017927,123456@Aa
SID2609017971,123456@Aa
SID2609017929,123456@Aa
SID2609017932,123456@Aa
SID2609017934,123456@Aa
SID2609017974,123456@Aa
SID2609017977,123456@Aa
SID2609017981,123456@Aa
SID2609017937,123456@Aa
SID2609017955,123456@Aa
SID2609017983,123456@Aa
SID2609017958,123456@Aa
SID2609017961,123456@Aa
SID2609017986,123456@Aa
SID2609017964,123456@Aa
SID2609017940,123456@Aa
SID2609017943,123456@Aa
SID2609017967,123456@Aa
SID2609017989,123456@Aa
SID2609017993,123456@Aa
SID2609017970,123456@Aa
SID2609017946,123456@Aa
SID2609017972,123456@Aa
SID2609017975,123456@Aa
SID2609017996,123456@Aa
SID2609017978,123456@Aa
SID2609017980,123456@Aa
SID2609017984,123456@Aa
SID2609017987,123456@Aa
SID2609018000,123456@Aa
SID2609018003,123456@Aa
SID2609018005,123456@Aa
SID2609018008,123456@Aa
SID2609017949,123456@Aa
SID2609017952,123456@Aa
SID2609017956,123456@Aa
SID2609017959,123456@Aa
SID2609018012,123456@Aa
SID2609017990,123456@Aa
SID2609017962,123456@Aa
SID2609017992,123456@Aa
SID2609018015,123456@Aa
SID2609017995,123456@Aa
SID2609017966,123456@Aa
SID2609018018,123456@Aa
SID2609017969,123456@Aa
SID2609017973,123456@Aa
SID2609017998,123456@Aa
SID2609018021,123456@Aa
SID2609018002,123456@Aa
SID2609018006,123456@Aa
SID2609018009,123456@Aa
SID2609018010,123456@Aa
SID2609018025,123456@Aa
SID2609018028,123456@Aa
SID2609017976,123456@Aa
SID2609018014,123456@Aa
SID2609018017,123456@Aa
SID2609018031,123456@Aa
SID2609018033,123456@Aa
SID2609017979,123456@Aa
SID2609018019,123456@Aa
SID2609017982,123456@Aa
SID2609018036,123456@Aa
SID2609017985,123456@Aa
SID2609017988,123456@Aa
SID2609018039,123456@Aa
SID2609018042,123456@Aa
SID2609018045,123456@Aa
SID2609018048,123456@Aa
SID2609018051,123456@Aa
SID2609018054,123456@Aa
SID2609018058,123456@Aa
SID2609018061,123456@Aa
SID2609018065,123456@Aa
SID2609018068,123456@Aa
SID2609017991,123456@Aa
SID2609017994,123456@Aa
SID2609018023,123456@Aa
SID2609018026,123456@Aa
SID2609018071,123456@Aa
SID2609018029,123456@Aa
SID2609017997,123456@Aa
SID2609018074,123456@Aa
SID2609017999,123456@Aa
SID2609018077,123456@Aa
SID2609018032,123456@Aa
SID2609018080,123456@Aa
SID2609018083,123456@Aa
SID2609018001,123456@Aa
SID2609018086,123456@Aa
SID2609018035,123456@Aa
SID2609018089,123456@Aa
SID2609018038,123456@Aa
SID2609018041,123456@Aa
SID2609018092,123456@Aa
SID2609018004,123456@Aa
SID2609018044,123456@Aa
SID2609018047,123456@Aa
SID2609018050,123456@Aa
SID2609018053,123456@Aa
SID2609018056,123456@Aa
SID2609018007,123456@Aa
SID2609018059,123456@Aa
SID2609018062,123456@Aa
SID2609018064,123456@Aa
SID2609018011,123456@Aa
SID2609018067,123456@Aa
SID2609018095,123456@Aa
SID2609018070,123456@Aa
SID2609018073,123456@Aa
SID2609018076,123456@Aa
SID2609018098,123456@Aa
SID2609018079,123456@Aa
SID2609018013,123456@Aa
SID2609018101,123456@Aa
SID2609018016,123456@Aa
SID2609018020,123456@Aa
SID2609018105,123456@Aa
SID2609018108,123456@Aa
SID2609018022,123456@Aa
SID2609018112,123456@Aa
SID2609018024,123456@Aa
SID2609018082,123456@Aa
SID2609018027,123456@Aa
SID2609018030,123456@Aa
SID2609018115,123456@Aa
SID2609018118,123456@Aa
SID2609018120,123456@Aa
SID2609018034,123456@Aa
SID2609018085,123456@Aa
SID2609018122,123456@Aa
SID2609018088,123456@Aa
SID2609018125,123456@Aa
SID2609018090,123456@Aa
SID2609018129,123456@Aa
SID2609018132,123456@Aa
SID2609018037,123456@Aa
SID2609018093,123456@Aa
SID2609018040,123456@Aa
SID2609018134,123456@Aa
SID2609018138,123456@Aa
SID2609018096,123456@Aa
SID2609018141,123456@Aa
SID2609018100,123456@Aa
SID2609018043,123456@Aa
SID2609018143,123456@Aa
SID2609018046,123456@Aa
SID2609018049,123456@Aa
SID2609018103,123456@Aa
SID2609018146,123456@Aa
SID2609018149,123456@Aa
SID2609018052,123456@Aa
SID2609018055,123456@Aa
SID2609018106,123456@Aa
SID2609018109,123456@Aa
SID2609018110,123456@Aa
SID2609018152,123456@Aa
SID2609018057,123456@Aa
SID2609018156,123456@Aa
SID2609018159,123456@Aa
SID2609018113,123456@Aa
SID2609018116,123456@Aa
SID2609018119,123456@Aa
SID2609018162,123456@Aa
SID2609018123,123456@Aa
SID2609018165,123456@Aa
SID2609018126,123456@Aa
SID2609018060,123456@Aa
SID2609018063,123456@Aa
SID2609018066,123456@Aa
SID2609018069,123456@Aa
SID2609018128,123456@Aa
SID2609018131,123456@Aa
SID2609018168,123456@Aa
SID2609018135,123456@Aa
SID2609018072,123456@Aa
SID2609018137,123456@Aa
SID2609018140,123456@Aa
SID2609018171,123456@Aa
SID2609018144,123456@Aa
SID2609018174,123456@Aa
SID2609018147,123456@Aa
SID2609018150,123456@Aa
SID2609018075,123456@Aa
SID2609018078,123456@Aa
SID2609018177,123456@Aa
SID2609018180,123456@Aa
SID2609018183,123456@Aa
SID2609018186,123456@Aa
SID2609018153,123456@Aa
SID2609018155,123456@Aa
SID2609018190,123456@Aa
SID2609018158,123456@Aa
SID2609018193,123456@Aa
SID2609018081,123456@Aa
SID2609018161,123456@Aa
SID2609018164,123456@Aa
SID2609018167,123456@Aa
SID2609018170,123456@Aa
SID2609018196,123456@Aa
SID2609018084,123456@Aa
SID2609018199,123456@Aa
SID2609018173,123456@Aa
SID2609018087,123456@Aa
SID2609018202,123456@Aa
SID2609018176,123456@Aa
SID2609018205,123456@Aa
SID2609018179,123456@Aa
SID2609018208,123456@Aa
SID2609018182,123456@Aa
SID2609018185,123456@Aa
SID2609018211,123456@Aa
SID2609018091,123456@Aa
SID2609018215,123456@Aa
SID2609018188,123456@Aa
SID2609018191,123456@Aa
SID2609018094,123456@Aa
SID2609018194,123456@Aa
SID2609018219,123456@Aa
SID2609018097,123456@Aa
SID2609018222,123456@Aa
SID2609018197,123456@Aa
SID2609018099,123456@Aa
SID2609018102,123456@Aa
SID2609018224,123456@Aa
SID2609018200,123456@Aa
SID2609018203,123456@Aa
SID2609018104,123456@Aa
SID2609018228,123456@Aa
SID2609018230,123456@Aa
SID2609018233,123456@Aa
SID2609018206,123456@Aa
SID2609018236,123456@Aa
SID2609018107,123456@Aa
SID2609018239,123456@Aa
SID2609018209,123456@Aa
SID2609018212,123456@Aa
SID2609018243,123456@Aa
SID2609018214,123456@Aa
SID2609018217,123456@Aa
SID2609018220,123456@Aa
SID2609018225,123456@Aa
SID2609018111,123456@Aa
SID2609018246,123456@Aa
SID2609018249,123456@Aa
SID2609018114,123456@Aa
SID2609018227,123456@Aa
SID2609018231,123456@Aa
SID2609018117,123456@Aa
SID2609018234,123456@Aa
SID2609018252,123456@Aa
SID2609018237,123456@Aa
SID2609018240,123456@Aa
SID2609018121,123456@Aa
SID2609018255,123456@Aa
SID2609018258,123456@Aa
SID2609018124,123456@Aa
SID2609018261,123456@Aa
SID2609018242,123456@Aa
SID2609018264,123456@Aa
SID2609018245,123456@Aa
SID2609018248,123456@Aa
SID2609018267,123456@Aa
SID2609018127,123456@Aa
SID2609018130,123456@Aa
SID2609018133,123456@Aa
SID2609018270,123456@Aa
SID2609018273,123456@Aa
SID2609018136,123456@Aa
SID2609018275,123456@Aa
SID2609018251,123456@Aa
SID2609018279,123456@Aa
SID2609018281,123456@Aa
SID2609018284,123456@Aa
SID2609018254,123456@Aa
SID2609018287,123456@Aa
SID2609018139,123456@Aa
SID2609018257,123456@Aa
SID2609018142,123456@Aa
SID2609018145,123456@Aa
SID2609018148,123456@Aa
SID2609018260,123456@Aa
SID2609018262,123456@Aa
SID2609018151,123456@Aa
SID2609018154,123456@Aa
SID2609018265,123456@Aa
SID2609018289,123456@Aa
SID2609018157,123456@Aa
SID2609018268,123456@Aa
SID2609018271,123456@Aa
SID2609018160,123456@Aa
SID2609018163,123456@Aa
SID2609018292,123456@Aa
SID2609018294,123456@Aa
SID2609018166,123456@Aa
SID2609018274,123456@Aa
SID2609018169,123456@Aa
SID2609018276,123456@Aa
SID2609018297,123456@Aa
SID2609018172,123456@Aa
SID2609018300,123456@Aa
SID2609018175,123456@Aa
SID2609018303,123456@Aa
SID2609018278,123456@Aa
SID2609018306,123456@Aa
SID2609018310,123456@Aa
SID2609018178,123456@Aa
SID2609018181,123456@Aa
SID2609018282,123456@Aa
SID2609018285,123456@Aa
SID2609018288,123456@Aa
SID2609018184,123456@Aa
SID2609018313,123456@Aa
SID2609018293,123456@Aa
SID2609018315,123456@Aa
SID2609018295,123456@Aa
SID2609018187,123456@Aa
SID2609018318,123456@Aa
SID2609018320,123456@Aa
SID2609018323,123456@Aa
SID2609018299,123456@Aa
SID2609018325,123456@Aa
SID2609018328,123456@Aa
SID2609018332,123456@Aa
SID2609018302,123456@Aa
SID2609018305,123456@Aa
SID2609018335,123456@Aa
SID2609018308,123456@Aa
SID2609018311,123456@Aa
SID2609018339,123456@Aa
SID2609018314,123456@Aa
SID2609018342,123456@Aa
SID2609018345,123456@Aa
SID2609018317,123456@Aa
SID2609018347,123456@Aa
SID2609018189,123456@Aa
SID2609018349,123456@Aa
SID2609018192,123456@Aa
SID2609018352,123456@Aa
SID2609018195,123456@Aa
SID2609018321,123456@Aa
SID2609018324,123456@Aa
SID2609018327,123456@Aa
SID2609018355,123456@Aa
SID2609018358,123456@Aa
SID2609018330,123456@Aa
SID2609018333,123456@Aa
SID2609018198,123456@Aa
SID2609018336,123456@Aa
SID2609018338,123456@Aa
SID2609018361,123456@Aa
SID2609018201,123456@Aa
SID2609018340,123456@Aa
SID2609018364,123456@Aa
SID2609018367,123456@Aa
SID2609018343,123456@Aa
SID2609018346,123456@Aa
SID2609018350,123456@Aa
SID2609018354,123456@Aa
SID2609018370,123456@Aa
SID2609018356,123456@Aa
SID2609018204,123456@Aa
SID2609018373,123456@Aa
SID2609018207,123456@Aa
SID2609018210,123456@Aa
SID2609018213,123456@Aa
SID2609018359,123456@Aa
SID2609018216,123456@Aa
SID2609018363,123456@Aa
SID2609018376,123456@Aa
SID2609018218,123456@Aa
SID2609018366,123456@Aa
SID2609018379,123456@Aa
SID2609018368,123456@Aa
SID2609018383,123456@Aa
SID2609018221,123456@Aa
SID2609018386,123456@Aa
SID2609018371,123456@Aa
SID2609018374,123456@Aa
SID2609018389,123456@Aa
SID2609018392,123456@Aa
SID2609018396,123456@Aa
SID2609018377,123456@Aa
SID2609018399,123456@Aa
SID2609018402,123456@Aa
SID2609018380,123456@Aa
SID2609018405,123456@Aa
SID2609018223,123456@Aa
SID2609018226,123456@Aa
SID2609018382,123456@Aa
SID2609018408,123456@Aa
SID2609018411,123456@Aa
SID2609018385,123456@Aa
SID2609018414,123456@Aa
SID2609018417,123456@Aa
SID2609018420,123456@Aa
SID2609018423,123456@Aa
SID2609018388,123456@Aa
SID2609018229,123456@Aa
SID2609018426,123456@Aa
SID2609018391,123456@Aa
SID2609018394,123456@Aa
SID2609018232,123456@Aa
SID2609018235,123456@Aa
SID2609018238,123456@Aa
SID2609018428,123456@Aa
SID2609018241,123456@Aa
SID2609018397,123456@Aa
SID2609018244,123456@Aa
SID2609018247,123456@Aa
SID2609018400,123456@Aa
SID2609018403,123456@Aa
SID2609018250,123456@Aa
SID2609018406,123456@Aa
SID2609018253,123456@Aa
SID2609018256,123456@Aa
SID2609018409,123456@Aa
SID2609018259,123456@Aa
SID2609018263,123456@Aa
SID2609018266,123456@Aa
SID2609018430,123456@Aa
SID2609018434,123456@Aa
SID2609018412,123456@Aa
SID2609018269,123456@Aa
SID2609018272,123456@Aa
SID2609018437,123456@Aa
SID2609018415,123456@Aa
SID2609018440,123456@Aa
SID2609018442,123456@Aa
SID2609018277,123456@Aa
SID2609018418,123456@Aa
SID2609018421,123456@Aa
SID2609018425,123456@Aa
SID2609018429,123456@Aa
SID2609018280,123456@Aa
SID2609018444,123456@Aa
SID2609018283,123456@Aa
SID2609018286,123456@Aa
SID2609018290,123456@Aa
SID2609018432,123456@Aa
SID2609018291,123456@Aa
SID2609018296,123456@Aa
SID2609018435,123456@Aa
SID2609018298,123456@Aa
SID2609018438,123456@Aa
SID2609018443,123456@Aa
SID2609018301,123456@Aa
SID2609018304,123456@Aa
SID2609018447,123456@Aa
SID2609018450,123456@Aa
SID2609018446,123456@Aa
SID2609018449,123456@Aa
SID2609018452,123456@Aa
SID2609018454,123456@Aa
SID2609018455,123456@Aa
SID2609018307,123456@Aa
SID2609018457,123456@Aa
SID2609018460,123456@Aa
SID2609018458,123456@Aa
SID2609018309,123456@Aa
SID2609018463,123456@Aa
SID2609018461,123456@Aa
SID2609018312,123456@Aa
SID2609018464,123456@Aa
SID2609018316,123456@Aa
SID2609018467,123456@Aa
SID2609018466,123456@Aa
SID2609018319,123456@Aa
SID2609018469,123456@Aa
SID2609018472,123456@Aa
SID2609018322,123456@Aa
SID2609018470,123456@Aa
SID2609018474,123456@Aa
SID2609018473,123456@Aa
SID2609018476,123456@Aa
SID2609018479,123456@Aa
SID2609018326,123456@Aa
SID2609018329,123456@Aa
SID2609018331,123456@Aa
SID2609018477,123456@Aa
SID2609018483,123456@Aa
SID2609018480,123456@Aa
SID2609018334,123456@Aa
SID2609018482,123456@Aa
SID2609018486,123456@Aa
SID2609018488,123456@Aa
SID2609018485,123456@Aa
SID2609018489,123456@Aa
SID2609018493,123456@Aa
SID2609018496,123456@Aa
SID2609018337,123456@Aa
SID2609018491,123456@Aa
SID2609018341,123456@Aa
SID2609018344,123456@Aa
SID2609018495,123456@Aa
SID2609018498,123456@Aa
SID2609018499,123456@Aa
SID2609018501,123456@Aa
SID2609018504,123456@Aa
SID2609018507,123456@Aa
SID2609018348,123456@Aa
SID2609018351,123456@Aa
SID2609018502,123456@Aa
SID2609018509,123456@Aa
SID2609018353,123456@Aa
SID2609018357,123456@Aa
SID2609018513,123456@Aa
SID2609018516,123456@Aa
SID2609018505,123456@Aa
SID2609018519,123456@Aa
SID2609018360,123456@Aa
SID2609018362,123456@Aa
SID2609018365,123456@Aa
SID2609018369,123456@Aa
SID2609018372,123456@Aa
SID2609018524,123456@Aa
SID2609018526,123456@Aa
SID2609018528,123456@Aa
SID2609018508,123456@Aa
SID2609018375,123456@Aa
SID2609018378,123456@Aa
SID2609018381,123456@Aa
SID2609018531,123456@Aa
SID2609018384,123456@Aa
SID2609018511,123456@Aa
SID2609018514,123456@Aa
SID2609018535,123456@Aa
SID2609018517,123456@Aa
SID2609018387,123456@Aa
SID2609018520,123456@Aa
SID2609018523,123456@Aa
SID2609018527,123456@Aa
SID2609018390,123456@Aa
SID2609018530,123456@Aa
SID2609018537,123456@Aa
SID2609018532,123456@Aa
SID2609018540,123456@Aa
SID2609018534,123456@Aa
SID2609018544,123456@Aa
SID2609018546,123456@Aa
SID2609018539,123456@Aa
SID2609018549,123456@Aa
SID2609018542,123456@Aa
SID2609018553,123456@Aa
SID2609018556,123456@Aa
SID2609018559,123456@Aa
SID2609018393,123456@Aa
SID2609018562,123456@Aa
SID2609018565,123456@Aa
SID2609018545,123456@Aa
SID2609018568,123456@Aa
SID2609018395,123456@Aa
SID2609018571,123456@Aa
SID2609018398,123456@Aa
SID2609018574,123456@Aa
SID2609018548,123456@Aa
SID2609018401,123456@Aa
SID2609018551,123456@Aa
SID2609018576,123456@Aa
SID2609018580,123456@Aa
SID2609018404,123456@Aa
SID2609018582,123456@Aa
SID2609018407,123456@Aa
SID2609018585,123456@Aa
SID2609018588,123456@Aa
SID2609018591,123456@Aa
SID2609018595,123456@Aa
SID2609018410,123456@Aa
SID2609018413,123456@Aa
SID2609018416,123456@Aa
SID2609018419,123456@Aa
SID2609018554,123456@Aa
SID2609018557,123456@Aa
SID2609018422,123456@Aa
SID2609018424,123456@Aa
SID2609018427,123456@Aa
SID2609018561,123456@Aa
SID2609018598,123456@Aa
SID2609018601,123456@Aa
SID2609018564,123456@Aa
SID2609018567,123456@Aa
SID2609018570,123456@Aa
SID2609018604,123456@Aa
SID2609018431,123456@Aa
SID2609018573,123456@Aa
SID2609018607,123456@Aa
SID2609018611,123456@Aa
SID2609018577,123456@Aa
SID2609018613,123456@Aa
SID2609018579,123456@Aa
SID2609018617,123456@Aa
SID2609018433,123456@Aa
SID2609018436,123456@Aa
SID2609018620,123456@Aa
SID2609018439,123456@Aa
SID2609018583,123456@Aa
SID2609018441,123456@Aa
SID2609018623,123456@Aa
SID2609018626,123456@Aa
SID2609018587,123456@Aa
SID2609018445,123456@Aa
SID2609018629,123456@Aa
SID2609018632,123456@Aa
SID2609018634,123456@Aa
SID2609018590,123456@Aa
SID2609018448,123456@Aa
SID2609018451,123456@Aa
SID2609018638,123456@Aa
SID2609018453,123456@Aa
SID2609018640,123456@Aa
SID2609018642,123456@Aa
SID2609018456,123456@Aa
SID2609018459,123456@Aa
SID2609018462,123456@Aa
SID2609018465,123456@Aa
SID2609018593,123456@Aa
SID2609018646,123456@Aa
SID2609018468,123456@Aa
SID2609018596,123456@Aa
SID2609018471,123456@Aa
SID2609018648,123456@Aa
SID2609018599,123456@Aa
SID2609018651,123456@Aa
SID2609018655,123456@Aa
SID2609018658,123456@Aa
SID2609018603,123456@Aa
SID2609018606,123456@Aa
SID2609018660,123456@Aa
SID2609018475,123456@Aa
SID2609018608,123456@Aa
SID2609018478,123456@Aa
SID2609018663,123456@Aa
SID2609018481,123456@Aa
SID2609018610,123456@Aa
SID2609018484,123456@Aa
SID2609018665,123456@Aa
SID2609018668,123456@Aa
SID2609018614,123456@Aa
SID2609018616,123456@Aa
SID2609018619,123456@Aa
SID2609018622,123456@Aa
SID2609018487,123456@Aa
SID2609018625,123456@Aa
SID2609018628,123456@Aa
SID2609018490,123456@Aa
SID2609018671,123456@Aa
SID2609018492,123456@Aa
SID2609018631,123456@Aa
SID2609018674,123456@Aa
SID2609018494,123456@Aa
SID2609018497,123456@Aa
SID2609018635,123456@Aa
SID2609018677,123456@Aa
SID2609018500,123456@Aa
SID2609018503,123456@Aa
SID2609018680,123456@Aa
SID2609018637,123456@Aa
SID2609018684,123456@Aa
SID2609018641,123456@Aa
SID2609018506,123456@Aa
SID2609018644,123456@Aa
SID2609018687,123456@Aa
SID2609018645,123456@Aa
SID2609018510,123456@Aa
SID2609018649,123456@Aa
SID2609018652,123456@Aa
SID2609018654,123456@Aa
SID2609018512,123456@Aa
SID2609018690,123456@Aa
SID2609018515,123456@Aa
SID2609018656,123456@Aa
SID2609018692,123456@Aa
SID2609018518,123456@Aa
SID2609018695,123456@Aa
SID2609018521,123456@Aa
SID2609018698,123456@Aa
SID2609018659,123456@Aa
SID2609018522,123456@Aa
SID2609018701,123456@Aa
SID2609018525,123456@Aa
SID2609018529,123456@Aa
SID2609018533,123456@Aa
SID2609018536,123456@Aa
SID2609018538,123456@Aa
SID2609018662,123456@Aa
SID2609018541,123456@Aa
SID2609018666,123456@Aa
SID2609018705,123456@Aa
SID2609018708,123456@Aa
SID2609018711,123456@Aa
SID2609018543,123456@Aa
SID2609018669,123456@Aa
SID2609018547,123456@Aa
SID2609018550,123456@Aa
SID2609018672,123456@Aa
SID2609018675,123456@Aa
SID2609018714,123456@Aa
SID2609018678,123456@Aa
SID2609018552,123456@Aa
SID2609018681,123456@Aa
SID2609018685,123456@Aa
SID2609018718,123456@Aa
SID2609018555,123456@Aa
SID2609018720,123456@Aa
SID2609018688,123456@Aa
SID2609018723,123456@Aa
SID2609018558,123456@Aa
SID2609018691,123456@Aa
SID2609018560,123456@Aa
SID2609018563,123456@Aa
SID2609018566,123456@Aa
SID2609018694,123456@Aa
SID2609018696,123456@Aa
SID2609018569,123456@Aa
SID2609018699,123456@Aa
SID2609018572,123456@Aa
SID2609018727,123456@Aa
SID2609018575,123456@Aa
SID2609018703,123456@Aa
SID2609018706,123456@Aa
SID2609018709,123456@Aa
SID2609018712,123456@Aa
SID2609018730,123456@Aa
SID2609018715,123456@Aa
SID2609018717,123456@Aa
SID2609018578,123456@Aa
SID2609018581,123456@Aa
SID2609018721,123456@Aa
SID2609018724,123456@Aa
SID2609018732,123456@Aa
SID2609018584,123456@Aa
SID2609018735,123456@Aa
SID2609018586,123456@Aa
SID2609018738,123456@Aa
SID2609018741,123456@Aa
SID2609018589,123456@Aa
SID2609018592,123456@Aa
SID2609018726,123456@Aa
SID2609018729,123456@Aa
SID2609018733,123456@Aa
SID2609018594,123456@Aa
SID2609018736,123456@Aa
SID2609018597,123456@Aa
SID2609018739,123456@Aa
SID2609018744,123456@Aa
SID2609018747,123456@Aa
SID2609018600,123456@Aa
SID2609018742,123456@Aa
SID2609018750,123456@Aa
SID2609018753,123456@Aa
SID2609018745,123456@Aa
SID2609018748,123456@Aa
SID2609018756,123456@Aa
SID2609018759,123456@Aa
SID2609018762,123456@Aa
SID2609018751,123456@Aa
SID2609018765,123456@Aa
SID2609018769,123456@Aa
SID2609018602,123456@Aa
SID2609018754,123456@Aa
SID2609018605,123456@Aa
SID2609018609,123456@Aa
SID2609018771,123456@Aa
SID2609018774,123456@Aa
SID2609018757,123456@Aa
SID2609018777,123456@Aa
SID2609018612,123456@Aa
SID2609018615,123456@Aa
SID2609018618,123456@Aa
SID2609018761,123456@Aa
SID2609018764,123456@Aa
SID2609018621,123456@Aa
SID2609018780,123456@Aa
SID2609018624,123456@Aa
SID2609018627,123456@Aa
SID2609018630,123456@Aa
SID2609018633,123456@Aa
SID2609018636,123456@Aa
SID2609018767,123456@Aa
SID2609018639,123456@Aa
SID2609018783,123456@Aa
SID2609018786,123456@Aa
SID2609018770,123456@Aa
SID2609018643,123456@Aa
SID2609018647,123456@Aa
SID2609018773,123456@Aa
SID2609018776,123456@Aa
SID2609018779,123456@Aa
SID2609018650,123456@Aa
SID2609018789,123456@Aa
SID2609018782,123456@Aa
SID2609018785,123456@Aa
SID2609018653,123456@Aa
SID2609018792,123456@Aa
SID2609018788,123456@Aa
SID2609018791,123456@Aa
SID2609018795,123456@Aa
SID2609018799,123456@Aa
SID2609018802,123456@Aa
SID2609018794,123456@Aa
SID2609018797,123456@Aa
SID2609018800,123456@Aa
SID2609018804,123456@Aa
SID2609018805,123456@Aa
SID2609018808,123456@Aa
SID2609018657,123456@Aa
SID2609018661,123456@Aa
SID2609018664,123456@Aa
SID2609018667,123456@Aa
SID2609018811,123456@Aa
SID2609018670,123456@Aa
SID2609018673,123456@Aa
SID2609018807,123456@Aa
SID2609018814,123456@Aa
SID2609018676,123456@Aa
SID2609018817,123456@Aa
SID2609018809,123456@Aa
SID2609018813,123456@Aa
SID2609018679,123456@Aa
SID2609018820,123456@Aa
SID2609018823,123456@Aa
SID2609018826,123456@Aa
SID2609018829,123456@Aa
SID2609018816,123456@Aa
SID2609018832,123456@Aa
SID2609018682,123456@Aa
SID2609018835,123456@Aa
SID2609018838,123456@Aa
SID2609018819,123456@Aa
SID2609018822,123456@Aa
SID2609018825,123456@Aa
SID2609018683,123456@Aa
SID2609018841,123456@Aa
SID2609018844,123456@Aa
SID2609018847,123456@Aa
SID2609018828,123456@Aa
SID2609018850,123456@Aa
SID2609018831,123456@Aa
SID2609018853,123456@Aa
SID2609018686,123456@Aa
SID2609018856,123456@Aa
SID2609018689,123456@Aa
SID2609018858,123456@Aa
SID2609018693,123456@Aa
SID2609018697,123456@Aa
SID2609018700,123456@Aa
SID2609018702,123456@Aa
SID2609018834,123456@Aa
SID2609018704,123456@Aa
SID2609018837,123456@Aa
SID2609018861,123456@Aa
SID2609018707,123456@Aa
SID2609018865,123456@Aa
SID2609018866,123456@Aa
SID2609018710,123456@Aa
SID2609018871,123456@Aa
SID2609018839,123456@Aa
SID2609018842,123456@Aa
SID2609018874,123456@Aa
SID2609018713,123456@Aa
SID2609018845,123456@Aa
SID2609018876,123456@Aa
SID2609018716,123456@Aa
SID2609018848,123456@Aa
SID2609018719,123456@Aa
SID2609018879,123456@Aa
SID2609018852,123456@Aa
SID2609018882,123456@Aa
SID2609018885,123456@Aa
SID2609018722,123456@Aa
SID2609018854,123456@Aa
SID2609018725,123456@Aa
SID2609018857,123456@Aa
SID2609018728,123456@Aa
SID2609018731,123456@Aa
SID2609018888,123456@Aa
SID2609018890,123456@Aa
SID2609018893,123456@Aa
SID2609018860,123456@Aa
SID2609018897,123456@Aa
SID2609018734,123456@Aa
SID2609018737,123456@Aa
SID2609018864,123456@Aa
SID2609018868,123456@Aa
SID2609018901,123456@Aa
SID2609018869,123456@Aa
SID2609018740,123456@Aa
SID2609018873,123456@Aa
SID2609018877,123456@Aa
SID2609018881,123456@Aa
SID2609018884,123456@Aa
SID2609018886,123456@Aa
SID2609018743,123456@Aa
SID2609018889,123456@Aa
SID2609018904,123456@Aa
SID2609018892,123456@Aa
SID2609018746,123456@Aa
SID2609018907,123456@Aa
SID2609018894,123456@Aa
SID2609018749,123456@Aa
SID2609018752,123456@Aa
SID2609018911,123456@Aa
SID2609018896,123456@Aa
SID2609018915,123456@Aa
SID2609018899,123456@Aa
SID2609018918,123456@Aa
SID2609018920,123456@Aa
SID2609018923,123456@Aa
SID2609018903,123456@Aa
SID2609018926,123456@Aa
SID2609018906,123456@Aa
SID2609018755,123456@Aa
SID2609018929,123456@Aa
SID2609018932,123456@Aa
SID2609018909,123456@Aa
SID2609018935,123456@Aa
SID2609018938,123456@Aa
SID2609018941,123456@Aa
SID2609018912,123456@Aa
SID2609018914,123456@Aa
SID2609018758,123456@Aa
SID2609018760,123456@Aa
SID2609018917,123456@Aa
SID2609018944,123456@Aa
SID2609018947,123456@Aa
SID2609018921,123456@Aa
SID2609018950,123456@Aa
SID2609018924,123456@Aa
SID2609018763,123456@Aa
SID2609018954,123456@Aa
SID2609018956,123456@Aa
SID2609018959,123456@Aa
SID2609018766,123456@Aa
SID2609018768,123456@Aa
SID2609018962,123456@Aa
SID2609018927,123456@Aa
SID2609018772,123456@Aa
SID2609018775,123456@Aa
SID2609018966,123456@Aa
SID2609018778,123456@Aa
SID2609018930,123456@Aa
SID2609018781,123456@Aa
SID2609018933,123456@Aa
SID2609018969,123456@Aa
SID2609018973,123456@Aa
SID2609018936,123456@Aa
SID2609018939,123456@Aa
SID2609018784,123456@Aa
SID2609018787,123456@Aa
SID2609018942,123456@Aa
SID2609018945,123456@Aa
SID2609018948,123456@Aa
SID2609018951,123456@Aa
SID2609018976,123456@Aa
SID2609018979,123456@Aa
SID2609018790,123456@Aa
SID2609018952,123456@Aa
SID2609018981,123456@Aa
SID2609018793,123456@Aa
SID2609018955,123456@Aa
SID2609018984,123456@Aa
SID2609018796,123456@Aa
SID2609018987,123456@Aa
SID2609018990,123456@Aa
SID2609018798,123456@Aa
SID2609018958,123456@Aa
SID2609018961,123456@Aa
SID2609018994,123456@Aa
SID2609018964,123456@Aa
SID2609018801,123456@Aa
SID2609018803,123456@Aa
SID2609018806,123456@Aa
SID2609018997,123456@Aa
SID2609019000,123456@Aa
SID2609018810,123456@Aa
SID2609018812,123456@Aa
SID2609019003,123456@Aa
SID2609019007,123456@Aa
SID2609018815,123456@Aa
SID2609018818,123456@Aa
SID2609019011,123456@Aa
SID2609018965,123456@Aa
SID2609018968,123456@Aa
SID2609019014,123456@Aa
SID2609018972,123456@Aa
SID2609019017,123456@Aa
SID2609019020,123456@Aa
SID2609019023,123456@Aa
SID2609018821,123456@Aa
SID2609018975,123456@Aa
SID2609018978,123456@Aa
SID2609019027,123456@Aa
SID2609019031,123456@Aa
SID2609018824,123456@Aa
SID2609019033,123456@Aa
SID2609019037,123456@Aa
SID2609018982,123456@Aa
SID2609018985,123456@Aa
SID2609018988,123456@Aa
SID2609018992,123456@Aa
SID2609018995,123456@Aa
SID2609018827,123456@Aa
SID2609019039,123456@Aa
SID2609018830,123456@Aa
SID2609018998,123456@Aa
SID2609019042,123456@Aa
SID2609018833,123456@Aa
SID2609019001,123456@Aa
SID2609019004,123456@Aa
SID2609018836,123456@Aa
SID2609019044,123456@Aa
SID2609019047,123456@Aa
SID2609018840,123456@Aa
SID2609019006,123456@Aa
SID2609019051,123456@Aa
SID2609018843,123456@Aa
SID2609018846,123456@Aa
SID2609018849,123456@Aa
SID2609019009,123456@Aa
SID2609018851,123456@Aa
SID2609019054,123456@Aa
SID2609018855,123456@Aa
SID2609019012,123456@Aa
SID2609019015,123456@Aa
SID2609019056,123456@Aa
SID2609019059,123456@Aa
SID2609019018,123456@Aa
SID2609019062,123456@Aa
SID2609019021,123456@Aa
SID2609019067,123456@Aa
SID2609018859,123456@Aa
SID2609018862,123456@Aa
SID2609019070,123456@Aa
SID2609019072,123456@Aa
SID2609019075,123456@Aa
SID2609019080,123456@Aa
SID2609019024,123456@Aa
SID2609018863,123456@Aa
SID2609018867,123456@Aa
SID2609019026,123456@Aa
SID2609019030,123456@Aa
SID2609019082,123456@Aa
SID2609018870,123456@Aa
SID2609019034,123456@Aa
SID2609019085,123456@Aa
SID2609019089,123456@Aa
SID2609019091,123456@Aa
SID2609019036,123456@Aa
SID2609019038,123456@Aa
SID2609019095,123456@Aa
SID2609019041,123456@Aa
SID2609019045,123456@Aa
SID2609018872,123456@Aa
SID2609018875,123456@Aa
SID2609019098,123456@Aa
SID2609018878,123456@Aa
SID2609019101,123456@Aa
SID2609018880,123456@Aa
SID2609019048,123456@Aa
SID2609019050,123456@Aa
SID2609019053,123456@Aa
SID2609019057,123456@Aa
SID2609019061,123456@Aa
SID2609018883,123456@Aa
SID2609019064,123456@Aa
SID2609019066,123456@Aa
SID2609018887,123456@Aa
SID2609019069,123456@Aa
SID2609019073,123456@Aa
SID2609019077,123456@Aa
SID2609019104,123456@Aa
SID2609018891,123456@Aa
SID2609018895,123456@Aa
SID2609019079,123456@Aa
SID2609018898,123456@Aa
SID2609019083,123456@Aa
SID2609018900,123456@Aa
SID2609018902,123456@Aa
SID2609019086,123456@Aa
SID2609019107,123456@Aa
SID2609019111,123456@Aa
SID2609018905,123456@Aa
SID2609018908,123456@Aa
SID2609018910,123456@Aa
SID2609019088,123456@Aa
SID2609019092,123456@Aa
SID2609019114,123456@Aa
SID2609019093,123456@Aa
SID2609019117,123456@Aa
SID2609019096,123456@Aa
SID2609019099,123456@Aa
SID2609019102,123456@Aa
SID2609019120,123456@Aa
SID2609019123,123456@Aa
SID2609018913,123456@Aa
SID2609018916,123456@Aa
SID2609019105,123456@Aa
SID2609018919,123456@Aa
SID2609018922,123456@Aa
SID2609018925,123456@Aa
SID2609018928,123456@Aa
SID2609019108,123456@Aa
SID2609019126,123456@Aa
SID2609018931,123456@Aa
SID2609019129,123456@Aa
SID2609018934,123456@Aa
SID2609019110,123456@Aa
SID2609019113,123456@Aa
SID2609018937,123456@Aa
SID2609018940,123456@Aa
SID2609019116,123456@Aa
SID2609018943,123456@Aa
SID2609019119,123456@Aa
SID2609019122,123456@Aa
SID2609018946,123456@Aa
SID2609019125,123456@Aa
SID2609019132,123456@Aa
SID2609018949,123456@Aa
SID2609019135,123456@Aa
SID2609018953,123456@Aa
SID2609019138,123456@Aa
SID2609019141,123456@Aa
SID2609019127,123456@Aa
SID2609019144,123456@Aa
SID2609019147,123456@Aa
SID2609019150,123456@Aa
SID2609019153,123456@Aa
SID2609019156,123456@Aa
SID2609019159,123456@Aa
SID2609019162,123456@Aa
SID2609019165,123456@Aa
SID2609019131,123456@Aa
SID2609018957,123456@Aa
SID2609019168,123456@Aa
SID2609018960,123456@Aa
SID2609018963,123456@Aa
SID2609019134,123456@Aa
SID2609019137,123456@Aa
SID2609019140,123456@Aa
SID2609019143,123456@Aa
SID2609019146,123456@Aa
SID2609019149,123456@Aa
SID2609019169,123456@Aa
SID2609019152,123456@Aa
SID2609019172,123456@Aa
SID2609019177,123456@Aa
SID2609019155,123456@Aa
SID2609019180,123456@Aa
SID2609019158,123456@Aa
SID2609019183,123456@Aa
SID2609019186,123456@Aa
SID2609019189,123456@Aa
SID2609019191,123456@Aa
SID2609019195,123456@Aa
SID2609018967,123456@Aa
SID2609019161,123456@Aa
SID2609019198,123456@Aa
SID2609019163,123456@Aa
SID2609019201,123456@Aa
SID2609018970,123456@Aa
SID2609018971,123456@Aa
SID2609019167,123456@Aa
SID2609018974,123456@Aa
SID2609019203,123456@Aa
SID2609018977,123456@Aa
SID2609019171,123456@Aa
SID2609019174,123456@Aa
SID2609019206,123456@Aa
SID2609018980,123456@Aa
SID2609018983,123456@Aa
SID2609019209,123456@Aa
SID2609018986,123456@Aa
SID2609019212,123456@Aa
SID2609019215,123456@Aa
SID2609019218,123456@Aa
SID2609019176,123456@Aa
SID2609019221,123456@Aa
SID2609018989,123456@Aa
SID2609019179,123456@Aa
SID2609019223,123456@Aa
SID2609018991,123456@Aa
SID2609018993,123456@Aa
SID2609019227,123456@Aa
SID2609019230,123456@Aa
SID2609019232,123456@Aa
SID2609019235,123456@Aa
SID2609019182,123456@Aa
SID2609019239,123456@Aa
SID2609018996,123456@Aa
SID2609018999,123456@Aa
SID2609019242,123456@Aa
SID2609019245,123456@Aa
SID2609019185,123456@Aa
SID2609019188,123456@Aa
SID2609019002,123456@Aa
SID2609019005,123456@Aa
SID2609019249,123456@Aa
SID2609019008,123456@Aa
SID2609019010,123456@Aa
SID2609019251,123456@Aa
SID2609019013,123456@Aa
SID2609019192,123456@Aa
SID2609019255,123456@Aa
SID2609019257,123456@Aa
SID2609019194,123456@Aa
SID2609019260,123456@Aa
SID2609019197,123456@Aa
SID2609019200,123456@Aa
SID2609019263,123456@Aa
SID2609019016,123456@Aa
SID2609019267,123456@Aa
SID2609019270,123456@Aa
SID2609019274,123456@Aa
SID2609019277,123456@Aa
SID2609019019,123456@Aa
SID2609019204,123456@Aa
SID2609019022,123456@Aa
SID2609019280,123456@Aa
SID2609019207,123456@Aa
SID2609019211,123456@Aa
SID2609019214,123456@Aa
SID2609019216,123456@Aa
SID2609019219,123456@Aa
SID2609019222,123456@Aa
SID2609019225,123456@Aa
SID2609019282,123456@Aa
SID2609019228,123456@Aa
SID2609019231,123456@Aa
SID2609019234,123456@Aa
SID2609019025,123456@Aa
SID2609019237,123456@Aa
SID2609019240,123456@Aa
SID2609019285,123456@Aa
SID2609019244,123456@Aa
SID2609019247,123456@Aa
SID2609019028,123456@Aa
SID2609019288,123456@Aa
SID2609019250,123456@Aa
SID2609019029,123456@Aa
SID2609019253,123456@Aa
SID2609019032,123456@Aa
SID2609019291,123456@Aa
SID2609019035,123456@Aa
SID2609019294,123456@Aa
SID2609019297,123456@Aa
SID2609019040,123456@Aa
SID2609019256,123456@Aa
SID2609019300,123456@Aa
SID2609019043,123456@Aa
SID2609019046,123456@Aa
SID2609019303,123456@Aa
SID2609019049,123456@Aa
SID2609019306,123456@Aa
SID2609019259,123456@Aa
SID2609019262,123456@Aa
SID2609019265,123456@Aa
SID2609019052,123456@Aa
SID2609019055,123456@Aa
SID2609019058,123456@Aa
SID2609019060,123456@Aa
SID2609019309,123456@Aa
SID2609019268,123456@Aa
SID2609019271,123456@Aa
SID2609019063,123456@Aa
SID2609019273,123456@Aa
SID2609019276,123456@Aa
SID2609019065,123456@Aa
SID2609019279,123456@Aa
SID2609019284,123456@Aa
SID2609019286,123456@Aa
SID2609019290,123456@Aa
SID2609019068,123456@Aa
SID2609019293,123456@Aa
SID2609019296,123456@Aa
SID2609019071,123456@Aa
SID2609019299,123456@Aa
SID2609019074,123456@Aa
SID2609019313,123456@Aa
SID2609019316,123456@Aa
SID2609019319,123456@Aa
SID2609019302,123456@Aa
SID2609019322,123456@Aa
SID2609019325,123456@Aa
SID2609019076,123456@Aa
SID2609019078,123456@Aa
SID2609019305,123456@Aa
SID2609019328,123456@Aa
SID2609019081,123456@Aa
SID2609019308,123456@Aa
SID2609019084,123456@Aa
SID2609019087,123456@Aa
SID2609019332,123456@Aa
SID2609019311,123456@Aa
SID2609019314,123456@Aa
SID2609019317,123456@Aa
SID2609019334,123456@Aa
SID2609019320,123456@Aa
SID2609019090,123456@Aa
SID2609019094,123456@Aa
SID2609019097,123456@Aa
SID2609019100,123456@Aa
SID2609019103,123456@Aa
SID2609019106,123456@Aa
SID2609019337,123456@Aa
SID2609019109,123456@Aa
SID2609019340,123456@Aa
SID2609019343,123456@Aa
SID2609019347,123456@Aa
SID2609019324,123456@Aa
SID2609019112,123456@Aa
SID2609019327,123456@Aa
SID2609019330,123456@Aa
SID2609019350,123456@Aa
SID2609019333,123456@Aa
SID2609019353,123456@Aa
SID2609019115,123456@Aa
SID2609019336,123456@Aa
SID2609019339,123456@Aa
SID2609019356,123456@Aa
SID2609019118,123456@Aa
SID2609019342,123456@Aa
SID2609019359,123456@Aa
SID2609019121,123456@Aa
SID2609019124,123456@Aa
SID2609019345,123456@Aa
SID2609019362,123456@Aa
SID2609019128,123456@Aa
SID2609019349,123456@Aa
SID2609019351,123456@Aa
SID2609019354,123456@Aa
SID2609019130,123456@Aa
SID2609019365,123456@Aa
SID2609019133,123456@Aa
SID2609019368,123456@Aa
SID2609019371,123456@Aa
SID2609019373,123456@Aa
SID2609019357,123456@Aa
SID2609019361,123456@Aa
SID2609019363,123456@Aa
SID2609019377,123456@Aa
SID2609019366,123456@Aa
SID2609019136,123456@Aa
SID2609019380,123456@Aa
SID2609019370,123456@Aa
SID2609019139,123456@Aa
SID2609019383,123456@Aa
SID2609019386,123456@Aa
SID2609019142,123456@Aa
SID2609019145,123456@Aa
SID2609019374,123456@Aa
SID2609019148,123456@Aa
SID2609019376,123456@Aa
SID2609019151,123456@Aa
SID2609019154,123456@Aa
SID2609019157,123456@Aa
SID2609019160,123456@Aa
SID2609019389,123456@Aa
SID2609019392,123456@Aa
SID2609019395,123456@Aa
SID2609019399,123456@Aa
SID2609019401,123456@Aa
SID2609019379,123456@Aa
SID2609019164,123456@Aa
SID2609019166,123456@Aa
SID2609019382,123456@Aa
SID2609019404,123456@Aa
SID2609019407,123456@Aa
SID2609019410,123456@Aa
SID2609019170,123456@Aa
SID2609019413,123456@Aa
SID2609019173,123456@Aa
SID2609019417,123456@Aa
SID2609019420,123456@Aa
SID2609019175,123456@Aa
SID2609019178,123456@Aa
SID2609019423,123456@Aa
SID2609019385,123456@Aa
SID2609019388,123456@Aa
SID2609019425,123456@Aa
SID2609019391,123456@Aa
SID2609019394,123456@Aa
SID2609019181,123456@Aa
SID2609019184,123456@Aa
SID2609019187,123456@Aa
SID2609019190,123456@Aa
SID2609019429,123456@Aa
SID2609019431,123456@Aa
SID2609019193,123456@Aa
SID2609019196,123456@Aa
SID2609019397,123456@Aa
SID2609019400,123456@Aa
SID2609019403,123456@Aa
SID2609019435,123456@Aa
SID2609019406,123456@Aa
SID2609019409,123456@Aa
SID2609019199,123456@Aa
SID2609019438,123456@Aa
SID2609019412,123456@Aa
SID2609019415,123456@Aa
SID2609019418,123456@Aa
SID2609019421,123456@Aa
SID2609019441,123456@Aa
SID2609019444,123456@Aa
SID2609019202,123456@Aa
SID2609019447,123456@Aa
SID2609019449,123456@Aa
SID2609019424,123456@Aa
SID2609019427,123456@Aa
SID2609019205,123456@Aa
SID2609019208,123456@Aa
SID2609019452,123456@Aa
SID2609019210,123456@Aa
SID2609019213,123456@Aa
SID2609019430,123456@Aa
SID2609019217,123456@Aa
SID2609019456,123456@Aa
SID2609019433,123456@Aa
SID2609019220,123456@Aa
SID2609019224,123456@Aa
SID2609019226,123456@Aa
SID2609019229,123456@Aa
SID2609019460,123456@Aa
SID2609019436,123456@Aa
SID2609019462,123456@Aa
SID2609019440,123456@Aa
SID2609019443,123456@Aa
SID2609019446,123456@Aa
SID2609019450,123456@Aa
SID2609019466,123456@Aa
SID2609019453,123456@Aa
SID2609019233,123456@Aa
SID2609019457,123456@Aa
SID2609019469,123456@Aa
SID2609019236,123456@Aa
SID2609019238,123456@Aa
SID2609019472,123456@Aa
SID2609019474,123456@Aa
SID2609019477,123456@Aa
SID2609019480,123456@Aa
SID2609019483,123456@Aa
SID2609019486,123456@Aa
SID2609019488,123456@Aa
SID2609019459,123456@Aa
SID2609019241,123456@Aa
SID2609019492,123456@Aa
SID2609019243,123456@Aa
SID2609019463,123456@Aa
SID2609019496,123456@Aa
SID2609019499,123456@Aa
SID2609019465,123456@Aa
SID2609019468,123456@Aa
SID2609019502,123456@Aa
SID2609019505,123456@Aa
SID2609019246,123456@Aa
SID2609019248,123456@Aa
SID2609019471,123456@Aa
SID2609019475,123456@Aa
SID2609019508,123456@Aa
SID2609019252,123456@Aa
SID2609019254,123456@Aa
SID2609019511,123456@Aa
SID2609019514,123456@Aa
SID2609019478,123456@Aa
SID2609019517,123456@Aa
SID2609019258,123456@Aa
SID2609019261,123456@Aa
SID2609019519,123456@Aa
SID2609019523,123456@Aa
SID2609019264,123456@Aa
SID2609019526,123456@Aa
SID2609019529,123456@Aa
SID2609019266,123456@Aa
SID2609019269,123456@Aa
SID2609019481,123456@Aa
SID2609019272,123456@Aa
SID2609019482,123456@Aa
SID2609019532,123456@Aa
SID2609019535,123456@Aa
SID2609019485,123456@Aa
SID2609019275,123456@Aa
SID2609019489,123456@Aa
SID2609019538,123456@Aa
SID2609019541,123456@Aa
SID2609019491,123456@Aa
SID2609019495,123456@Aa
SID2609019278,123456@Aa
SID2609019498,123456@Aa
SID2609019281,123456@Aa
SID2609019545,123456@Aa
SID2609019547,123456@Aa
SID2609019551,123456@Aa
SID2609019501,123456@Aa
SID2609019554,123456@Aa
SID2609019503,123456@Aa
SID2609019557,123456@Aa
SID2609019506,123456@Aa
SID2609019560,123456@Aa
SID2609019283,123456@Aa
SID2609019510,123456@Aa
SID2609019287,123456@Aa
SID2609019512,123456@Aa
SID2609019564,123456@Aa
SID2609019515,123456@Aa
SID2609019289,123456@Aa
SID2609019292,123456@Aa
SID2609019566,123456@Aa
SID2609019295,123456@Aa
SID2609019569,123456@Aa
SID2609019572,123456@Aa
SID2609019518,123456@Aa
SID2609019298,123456@Aa
SID2609019575,123456@Aa
SID2609019521,123456@Aa
SID2609019578,123456@Aa
SID2609019581,123456@Aa
SID2609019301,123456@Aa
SID2609019525,123456@Aa
SID2609019304,123456@Aa
SID2609019527,123456@Aa
SID2609019530,123456@Aa
SID2609019585,123456@Aa
SID2609019533,123456@Aa
SID2609019307,123456@Aa
SID2609019587,123456@Aa
SID2609019592,123456@Aa
SID2609019536,123456@Aa
SID2609019310,123456@Aa
SID2609019595,123456@Aa
SID2609019598,123456@Aa
SID2609019540,123456@Aa
SID2609019601,123456@Aa
SID2609019604,123456@Aa
SID2609019542,123456@Aa
SID2609019312,123456@Aa
SID2609019315,123456@Aa
SID2609019544,123456@Aa
SID2609019549,123456@Aa
SID2609019552,123456@Aa
SID2609019607,123456@Aa
SID2609019318,123456@Aa
SID2609019555,123456@Aa
SID2609019611,123456@Aa
SID2609019559,123456@Aa
SID2609019562,123456@Aa
SID2609019321,123456@Aa
SID2609019567,123456@Aa
SID2609019570,123456@Aa
SID2609019323,123456@Aa
SID2609019326,123456@Aa
SID2609019329,123456@Aa
SID2609019331,123456@Aa
SID2609019614,123456@Aa
SID2609019617,123456@Aa
SID2609019621,123456@Aa
SID2609019624,123456@Aa
SID2609019627,123456@Aa
SID2609019573,123456@Aa
SID2609019576,123456@Aa
SID2609019335,123456@Aa
SID2609019579,123456@Aa
SID2609019338,123456@Aa
SID2609019582,123456@Aa
SID2609019630,123456@Aa
SID2609019341,123456@Aa
SID2609019633,123456@Aa
SID2609019584,123456@Aa
SID2609019588,123456@Aa
SID2609019636,123456@Aa
SID2609019344,123456@Aa
SID2609019346,123456@Aa
SID2609019638,123456@Aa
SID2609019590,123456@Aa
SID2609019593,123456@Aa
SID2609019596,123456@Aa
SID2609019348,123456@Aa
SID2609019641,123456@Aa
SID2609019599,123456@Aa
SID2609019645,123456@Aa
SID2609019647,123456@Aa
SID2609019352,123456@Aa
SID2609019602,123456@Aa
SID2609019651,123456@Aa
SID2609019355,123456@Aa
SID2609019654,123456@Aa
SID2609019605,123456@Aa
SID2609019608,123456@Aa
SID2609019657,123456@Aa
SID2609019610,123456@Aa
SID2609019660,123456@Aa
SID2609019612,123456@Aa
SID2609019358,123456@Aa
SID2609019360,123456@Aa
SID2609019663,123456@Aa
SID2609019615,123456@Aa
SID2609019666,123456@Aa
SID2609019618,123456@Aa
SID2609019669,123456@Aa
SID2609019620,123456@Aa
SID2609019364,123456@Aa
SID2609019623,123456@Aa
SID2609019626,123456@Aa
SID2609019629,123456@Aa
SID2609019632,123456@Aa
SID2609019672,123456@Aa
SID2609019635,123456@Aa
SID2609019367,123456@Aa
SID2609019369,123456@Aa
SID2609019639,123456@Aa
SID2609019372,123456@Aa
SID2609019375,123456@Aa
SID2609019675,123456@Aa
SID2609019678,123456@Aa
SID2609019642,123456@Aa
SID2609019681,123456@Aa
SID2609019378,123456@Aa
SID2609019381,123456@Aa
SID2609019384,123456@Aa
SID2609019682,123456@Aa
SID2609019387,123456@Aa
SID2609019390,123456@Aa
SID2609019644,123456@Aa
SID2609019686,123456@Aa
SID2609019689,123456@Aa
SID2609019692,123456@Aa
SID2609019648,123456@Aa
SID2609019650,123456@Aa
SID2609019393,123456@Aa
SID2609019653,123456@Aa
SID2609019655,123456@Aa
SID2609019658,123456@Aa
SID2609019661,123456@Aa
SID2609019396,123456@Aa
SID2609019664,123456@Aa
SID2609019695,123456@Aa
SID2609019698,123456@Aa
SID2609019667,123456@Aa
SID2609019398,123456@Aa
SID2609019701,123456@Aa
SID2609019402,123456@Aa
SID2609019405,123456@Aa
SID2609019704,123456@Aa
SID2609019707,123456@Aa
SID2609019408,123456@Aa
SID2609019670,123456@Aa
SID2609019411,123456@Aa
SID2609019710,123456@Aa
SID2609019673,123456@Aa
SID2609019676,123456@Aa
SID2609019414,123456@Aa
SID2609019679,123456@Aa
SID2609019416,123456@Aa
SID2609019684,123456@Aa
SID2609019687,123456@Aa
SID2609019690,123456@Aa
SID2609019693,123456@Aa
SID2609019696,123456@Aa
SID2609019713,123456@Aa
SID2609019699,123456@Aa
SID2609019419,123456@Aa
SID2609019702,123456@Aa
SID2609019716,123456@Aa
SID2609019422,123456@Aa
SID2609019705,123456@Aa
SID2609019708,123456@Aa
SID2609019711,123456@Aa
SID2609019714,123456@Aa
SID2609019426,123456@Aa
SID2609019717,123456@Aa
SID2609019720,123456@Aa
SID2609019723,123456@Aa
SID2609019428,123456@Aa
SID2609019432,123456@Aa
SID2609019719,123456@Aa
SID2609019722,123456@Aa
SID2609019726,123456@Aa
SID2609019725,123456@Aa
SID2609019434,123456@Aa
SID2609019729,123456@Aa
SID2609019728,123456@Aa
SID2609019731,123456@Aa
SID2609019734,123456@Aa
SID2609019733,123456@Aa
SID2609019437,123456@Aa
SID2609019737,123456@Aa
SID2609019736,123456@Aa
SID2609019739,123456@Aa
SID2609019742,123456@Aa
SID2609019746,123456@Aa
SID2609019749,123456@Aa
SID2609019751,123456@Aa
SID2609019754,123456@Aa
SID2609019439,123456@Aa
SID2609019757,123456@Aa
SID2609019442,123456@Aa
SID2609019759,123456@Aa
SID2609019740,123456@Aa
SID2609019445,123456@Aa
SID2609019762,123456@Aa
SID2609019743,123456@Aa
SID2609019765,123456@Aa
SID2609019745,123456@Aa
SID2609019448,123456@Aa
SID2609019748,123456@Aa
SID2609019451,123456@Aa
SID2609019752,123456@Aa
SID2609019769,123456@Aa
SID2609019755,123456@Aa
SID2609019772,123456@Aa
SID2609019776,123456@Aa
SID2609019779,123456@Aa
SID2609019758,123456@Aa
SID2609019454,123456@Aa
SID2609019761,123456@Aa
SID2609019782,123456@Aa
SID2609019455,123456@Aa
SID2609019764,123456@Aa
SID2609019785,123456@Aa
SID2609019787,123456@Aa
SID2609019766,123456@Aa
SID2609019768,123456@Aa
SID2609019771,123456@Aa
SID2609019774,123456@Aa
SID2609019458,123456@Aa
SID2609019790,123456@Aa
SID2609019777,123456@Aa
SID2609019461,123456@Aa
SID2609019793,123456@Aa
SID2609019797,123456@Aa
SID2609019800,123456@Aa
SID2609019464,123456@Aa
SID2609019467,123456@Aa
SID2609019780,123456@Aa
SID2609019470,123456@Aa
SID2609019783,123456@Aa
SID2609019803,123456@Aa
SID2609019806,123456@Aa
SID2609019786,123456@Aa
SID2609019809,123456@Aa
SID2609019789,123456@Aa
SID2609019812,123456@Aa
SID2609019473,123456@Aa
SID2609019792,123456@Aa
SID2609019815,123456@Aa
SID2609019795,123456@Aa
SID2609019818,123456@Aa
SID2609019476,123456@Aa
SID2609019821,123456@Aa
SID2609019798,123456@Aa
SID2609019479,123456@Aa
SID2609019801,123456@Aa
SID2609019804,123456@Aa
SID2609019807,123456@Aa
SID2609019810,123456@Aa
SID2609019813,123456@Aa
SID2609019816,123456@Aa
SID2609019819,123456@Aa
SID2609019823,123456@Aa
SID2609019484,123456@Aa
SID2609019824,123456@Aa
SID2609019827,123456@Aa
SID2609019826,123456@Aa
SID2609019828,123456@Aa
SID2609019831,123456@Aa
SID2609019830,123456@Aa
SID2609019834,123456@Aa
SID2609019487,123456@Aa
SID2609019833,123456@Aa
SID2609019836,123456@Aa
SID2609019839,123456@Aa
SID2609019843,123456@Aa
SID2609019837,123456@Aa
SID2609019846,123456@Aa
SID2609019841,123456@Aa
SID2609019844,123456@Aa
SID2609019490,123456@Aa
SID2609019849,123456@Aa
SID2609019852,123456@Aa
SID2609019847,123456@Aa
SID2609019854,123456@Aa
SID2609019493,123456@Aa
SID2609019850,123456@Aa
SID2609019857,123456@Aa
SID2609019494,123456@Aa
SID2609019497,123456@Aa
SID2609019500,123456@Aa
SID2609019853,123456@Aa
SID2609019855,123456@Aa
SID2609019858,123456@Aa
SID2609019504,123456@Aa
SID2609019507,123456@Aa
SID2609019509,123456@Aa
SID2609019861,123456@Aa
SID2609019862,123456@Aa
SID2609019513,123456@Aa
SID2609019516,123456@Aa
SID2609019864,123456@Aa
SID2609019868,123456@Aa
SID2609019871,123456@Aa
SID2609019874,123456@Aa
SID2609019876,123456@Aa
SID2609019520,123456@Aa
SID2609019865,123456@Aa
SID2609019867,123456@Aa
SID2609019879,123456@Aa
SID2609019882,123456@Aa
SID2609019870,123456@Aa
SID2609019522,123456@Aa
SID2609019524,123456@Aa
SID2609019873,123456@Aa
SID2609019886,123456@Aa
SID2609019877,123456@Aa
SID2609019889,123456@Aa
SID2609019880,123456@Aa
SID2609019528,123456@Aa
SID2609019892,123456@Aa
SID2609019883,123456@Aa
SID2609019895,123456@Aa
SID2609019898,123456@Aa
SID2609019531,123456@Aa
SID2609019885,123456@Aa
SID2609019888,123456@Aa
SID2609019891,123456@Aa
SID2609019901,123456@Aa
SID2609019905,123456@Aa
SID2609019907,123456@Aa
SID2609019911,123456@Aa
SID2609019894,123456@Aa
SID2609019897,123456@Aa
SID2609019900,123456@Aa
SID2609019903,123456@Aa
SID2609019534,123456@Aa
SID2609019913,123456@Aa
SID2609019916,123456@Aa
SID2609019537,123456@Aa
SID2609019906,123456@Aa
SID2609019909,123456@Aa
SID2609019539,123456@Aa
SID2609019543,123456@Aa
SID2609019919,123456@Aa
SID2609019912,123456@Aa
SID2609019546,123456@Aa
SID2609019922,123456@Aa
SID2609019548,123456@Aa
SID2609019550,123456@Aa
SID2609019915,123456@Aa
SID2609019553,123456@Aa
SID2609019924,123456@Aa
SID2609019927,123456@Aa
SID2609019556,123456@Aa
SID2609019931,123456@Aa
SID2609019558,123456@Aa
SID2609019918,123456@Aa
SID2609019933,123456@Aa
SID2609019561,123456@Aa
SID2609019937,123456@Aa
SID2609019939,123456@Aa
SID2609019563,123456@Aa
SID2609019920,123456@Aa
SID2609019944,123456@Aa
SID2609019946,123456@Aa
SID2609019565,123456@Aa
SID2609019948,123456@Aa
SID2609019951,123456@Aa
SID2609019568,123456@Aa
SID2609019954,123456@Aa
SID2609019923,123456@Aa
SID2609019571,123456@Aa
SID2609019574,123456@Aa
SID2609019957,123456@Aa
SID2609019577,123456@Aa
SID2609019580,123456@Aa
SID2609019583,123456@Aa
SID2609019960,123456@Aa
SID2609019586,123456@Aa
SID2609019963,123456@Aa
SID2609019966,123456@Aa
SID2609019969,123456@Aa
SID2609019589,123456@Aa
SID2609019972,123456@Aa
SID2609019926,123456@Aa
SID2609019591,123456@Aa
SID2609019975,123456@Aa
SID2609019978,123456@Aa
SID2609019929,123456@Aa
SID2609019594,123456@Aa
SID2609019932,123456@Aa
SID2609019597,123456@Aa
SID2609019981,123456@Aa
SID2609019600,123456@Aa
SID2609019984,123456@Aa
SID2609019934,123456@Aa
SID2609019987,123456@Aa
SID2609019936,123456@Aa
SID2609019940,123456@Aa
SID2609019991,123456@Aa
SID2609019603,123456@Aa
SID2609019994,123456@Aa
SID2609019606,123456@Aa
SID2609019942,123456@Aa
SID2609019997,123456@Aa
SID2609020000,123456@Aa
SID2609020003,123456@Aa
SID2609020006,123456@Aa
SID2609019945,123456@Aa
SID2609019609,123456@Aa
SID2609020009,123456@Aa
SID2609020013,123456@Aa
SID2609019949,123456@Aa
SID2609019953,123456@Aa
SID2609019955,123456@Aa
SID2609020016,123456@Aa
SID2609019958,123456@Aa
SID2609020019,123456@Aa
SID2609020021,123456@Aa
SID2609019961,123456@Aa
SID2609019613,123456@Aa
SID2609019965,123456@Aa
SID2609019616,123456@Aa
SID2609019968,123456@Aa
SID2609019971,123456@Aa
SID2609019974,123456@Aa
SID2609019619,123456@Aa
SID2609019622,123456@Aa
SID2609020024,123456@Aa
SID2609019977,123456@Aa
SID2609019980,123456@Aa
SID2609020027,123456@Aa
SID2609020031,123456@Aa
SID2609020035,123456@Aa
SID2609019983,123456@Aa
SID2609019986,123456@Aa
SID2609020038,123456@Aa
SID2609020041,123456@Aa
SID2609019625,123456@Aa
SID2609019628,123456@Aa
SID2609019631,123456@Aa
SID2609019989,123456@Aa
SID2609020044,123456@Aa
SID2609019634,123456@Aa
SID2609019993,123456@Aa
SID2609019996,123456@Aa
SID2609019637,123456@Aa
SID2609020046,123456@Aa
SID2609019640,123456@Aa
SID2609019643,123456@Aa
SID2609019646,123456@Aa
SID2609020049,123456@Aa
SID2609020052,123456@Aa
SID2609020055,123456@Aa
SID2609020059,123456@Aa
SID2609019649,123456@Aa
SID2609019999,123456@Aa
SID2609020002,123456@Aa
SID2609019652,123456@Aa
SID2609020062,123456@Aa
SID2609019656,123456@Aa
SID2609020065,123456@Aa
SID2609019659,123456@Aa
SID2609020069,123456@Aa
SID2609020005,123456@Aa
SID2609020008,123456@Aa
SID2609020011,123456@Aa
SID2609019662,123456@Aa
SID2609019665,123456@Aa
SID2609020014,123456@Aa
SID2609020072,123456@Aa
SID2609019668,123456@Aa
SID2609019671,123456@Aa
SID2609020017,123456@Aa
SID2609020075,123456@Aa
SID2609020020,123456@Aa
SID2609020023,123456@Aa
SID2609020078,123456@Aa
SID2609020080,123456@Aa
SID2609020084,123456@Aa
SID2609020087,123456@Aa
SID2609020026,123456@Aa
SID2609020029,123456@Aa
SID2609019674,123456@Aa
SID2609020090,123456@Aa
SID2609020093,123456@Aa
SID2609020032,123456@Aa
SID2609020097,123456@Aa
SID2609020034,123456@Aa
SID2609020037,123456@Aa
SID2609020040,123456@Aa
SID2609020043,123456@Aa
SID2609020047,123456@Aa
SID2609019677,123456@Aa
SID2609020100,123456@Aa
SID2609020050,123456@Aa
SID2609020053,123456@Aa
SID2609020103,123456@Aa
SID2609020106,123456@Aa
SID2609020056,123456@Aa
SID2609020058,123456@Aa
SID2609020061,123456@Aa
SID2609019680,123456@Aa
SID2609020064,123456@Aa
SID2609020067,123456@Aa
SID2609020070,123456@Aa
SID2609020073,123456@Aa
SID2609020109,123456@Aa
SID2609020111,123456@Aa
SID2609020114,123456@Aa
SID2609019683,123456@Aa
SID2609020076,123456@Aa
SID2609019685,123456@Aa
SID2609020079,123456@Aa
SID2609020082,123456@Aa
SID2609019688,123456@Aa
SID2609019691,123456@Aa
SID2609019694,123456@Aa
SID2609020118,123456@Aa
SID2609020085,123456@Aa
SID2609020088,123456@Aa
SID2609019697,123456@Aa
SID2609019700,123456@Aa
SID2609020091,123456@Aa
SID2609019703,123456@Aa
SID2609020121,123456@Aa
SID2609020124,123456@Aa
SID2609020094,123456@Aa
SID2609020096,123456@Aa
SID2609020127,123456@Aa
SID2609020130,123456@Aa
SID2609020098,123456@Aa
SID2609019706,123456@Aa
SID2609020101,123456@Aa
SID2609020132,123456@Aa
SID2609019709,123456@Aa
SID2609020105,123456@Aa
SID2609019712,123456@Aa
SID2609019715,123456@Aa
SID2609020108,123456@Aa
SID2609019718,123456@Aa
SID2609020136,123456@Aa
SID2609019721,123456@Aa
SID2609020112,123456@Aa
SID2609019724,123456@Aa
SID2609020115,123456@Aa
SID2609020139,123456@Aa
SID2609019727,123456@Aa
SID2609020142,123456@Aa
SID2609020117,123456@Aa
SID2609020145,123456@Aa
SID2609020148,123456@Aa
SID2609020120,123456@Aa
SID2609019730,123456@Aa
SID2609020151,123456@Aa
SID2609020123,123456@Aa
SID2609020153,123456@Aa
SID2609020156,123456@Aa
SID2609020125,123456@Aa
SID2609020128,123456@Aa
SID2609019732,123456@Aa
SID2609020131,123456@Aa
SID2609020159,123456@Aa
SID2609020162,123456@Aa
SID2609020134,123456@Aa
SID2609020165,123456@Aa
SID2609020168,123456@Aa
SID2609019735,123456@Aa
SID2609020171,123456@Aa
SID2609020137,123456@Aa
SID2609020141,123456@Aa
SID2609020174,123456@Aa
SID2609020177,123456@Aa
SID2609020180,123456@Aa
SID2609020183,123456@Aa
SID2609019738,123456@Aa
SID2609020144,123456@Aa
SID2609020187,123456@Aa
SID2609019741,123456@Aa
SID2609020147,123456@Aa
SID2609019744,123456@Aa
SID2609019747,123456@Aa
SID2609019750,123456@Aa
SID2609020150,123456@Aa
SID2609020154,123456@Aa
SID2609020157,123456@Aa
SID2609020160,123456@Aa
SID2609019753,123456@Aa
SID2609019756,123456@Aa
SID2609020190,123456@Aa
SID2609019760,123456@Aa
SID2609020193,123456@Aa
SID2609019763,123456@Aa
SID2609020196,123456@Aa
SID2609020163,123456@Aa
SID2609019767,123456@Aa
SID2609020166,123456@Aa
SID2609020169,123456@Aa
SID2609019770,123456@Aa
SID2609019773,123456@Aa
SID2609020199,123456@Aa
SID2609020172,123456@Aa
SID2609019775,123456@Aa
SID2609020202,123456@Aa
SID2609019778,123456@Aa
SID2609020175,123456@Aa
SID2609019781,123456@Aa
SID2609020204,123456@Aa
SID2609019784,123456@Aa
SID2609020207,123456@Aa
SID2609020210,123456@Aa
SID2609020178,123456@Aa
SID2609020213,123456@Aa
SID2609020216,123456@Aa
SID2609020181,123456@Aa
SID2609020184,123456@Aa
SID2609019788,123456@Aa
SID2609020186,123456@Aa
SID2609020219,123456@Aa
SID2609019791,123456@Aa
SID2609020222,123456@Aa
SID2609019794,123456@Aa
SID2609019796,123456@Aa
SID2609019799,123456@Aa
SID2609020226,123456@Aa
SID2609020189,123456@Aa
SID2609020228,123456@Aa
SID2609020232,123456@Aa
SID2609020192,123456@Aa
SID2609020195,123456@Aa
SID2609020198,123456@Aa
SID2609020235,123456@Aa
SID2609020239,123456@Aa
SID2609020242,123456@Aa
SID2609020201,123456@Aa
SID2609020244,123456@Aa
SID2609020248,123456@Aa
SID2609020251,123456@Aa
SID2609019802,123456@Aa
SID2609020254,123456@Aa
SID2609019805,123456@Aa
SID2609020205,123456@Aa
SID2609019808,123456@Aa
SID2609019811,123456@Aa
SID2609020256,123456@Aa
SID2609019814,123456@Aa
SID2609020208,123456@Aa
SID2609020211,123456@Aa
SID2609020214,123456@Aa
SID2609019817,123456@Aa
SID2609020217,123456@Aa
SID2609019820,123456@Aa
SID2609020220,123456@Aa
SID2609020224,123456@Aa
SID2609020225,123456@Aa
SID2609020260,123456@Aa
SID2609019822,123456@Aa
SID2609020263,123456@Aa
SID2609020229,123456@Aa
SID2609020266,123456@Aa
SID2609020268,123456@Aa
SID2609020271,123456@Aa
SID2609020276,123456@Aa
SID2609020233,123456@Aa
SID2609019825,123456@Aa
SID2609019829,123456@Aa
SID2609020279,123456@Aa
SID2609020236,123456@Aa
SID2609020282,123456@Aa
SID2609019832,123456@Aa
SID2609019835,123456@Aa
SID2609019838,123456@Aa
SID2609020238,123456@Aa
SID2609019840,123456@Aa
SID2609020285,123456@Aa
SID2609020241,123456@Aa
SID2609019842,123456@Aa
SID2609020287,123456@Aa
SID2609020289,123456@Aa
SID2609020293,123456@Aa
SID2609019845,123456@Aa
SID2609020245,123456@Aa
SID2609020247,123456@Aa
SID2609020250,123456@Aa
SID2609020253,123456@Aa
SID2609020257,123456@Aa
SID2609019848,123456@Aa
SID2609020259,123456@Aa
SID2609020296,123456@Aa
SID2609019851,123456@Aa
SID2609020299,123456@Aa
SID2609020262,123456@Aa
SID2609019856,123456@Aa
SID2609019859,123456@Aa
SID2609020265,123456@Aa
SID2609020269,123456@Aa
SID2609019860,123456@Aa
SID2609020303,123456@Aa
SID2609020272,123456@Aa
SID2609020274,123456@Aa
SID2609019863,123456@Aa
SID2609019866,123456@Aa
SID2609020306,123456@Aa
SID2609019869,123456@Aa
SID2609019872,123456@Aa
SID2609020278,123456@Aa
SID2609020281,123456@Aa
SID2609020309,123456@Aa
SID2609020284,123456@Aa
SID2609020286,123456@Aa
SID2609020290,123456@Aa
SID2609019875,123456@Aa
SID2609019878,123456@Aa
SID2609019881,123456@Aa
SID2609020312,123456@Aa
SID2609019884,123456@Aa
SID2609020315,123456@Aa
SID2609020292,123456@Aa
SID2609020318,123456@Aa
SID2609019887,123456@Aa
SID2609020321,123456@Aa
SID2609019890,123456@Aa
SID2609020325,123456@Aa
SID2609019893,123456@Aa
SID2609020295,123456@Aa
SID2609020328,123456@Aa
SID2609020298,123456@Aa
SID2609020301,123456@Aa
SID2609019896,123456@Aa
SID2609019899,123456@Aa
SID2609019902,123456@Aa
SID2609019904,123456@Aa
SID2609020330,123456@Aa
SID2609020304,123456@Aa
SID2609020333,123456@Aa
SID2609020307,123456@Aa
SID2609020310,123456@Aa
SID2609019908,123456@Aa
SID2609020313,123456@Aa
SID2609020336,123456@Aa
SID2609019910,123456@Aa
SID2609020339,123456@Aa
SID2609019914,123456@Aa
SID2609020342,123456@Aa
SID2609020345,123456@Aa
SID2609019917,123456@Aa
SID2609020316,123456@Aa
SID2609020350,123456@Aa
SID2609020319,123456@Aa
SID2609020351,123456@Aa
SID2609019921,123456@Aa
SID2609019925,123456@Aa
SID2609020356,123456@Aa
SID2609020358,123456@Aa
SID2609019928,123456@Aa
SID2609020361,123456@Aa
SID2609020323,123456@Aa
SID2609020364,123456@Aa
SID2609020367,123456@Aa
SID2609019930,123456@Aa
SID2609020326,123456@Aa
SID2609020370,123456@Aa
SID2609019935,123456@Aa
SID2609019938,123456@Aa
SID2609019941,123456@Aa
SID2609020373,123456@Aa
SID2609020329,123456@Aa
SID2609019943,123456@Aa
SID2609020376,123456@Aa
SID2609020379,123456@Aa
SID2609020332,123456@Aa
SID2609019947,123456@Aa
SID2609019950,123456@Aa
SID2609019952,123456@Aa
SID2609019956,123456@Aa
SID2609019959,123456@Aa
SID2609019962,123456@Aa
SID2609020334,123456@Aa
SID2609019964,123456@Aa
SID2609020338,123456@Aa
SID2609019967,123456@Aa
SID2609019970,123456@Aa
SID2609020383,123456@Aa
SID2609020341,123456@Aa
SID2609020387,123456@Aa
SID2609019973,123456@Aa
SID2609019976,123456@Aa
SID2609019979,123456@Aa
SID2609020343,123456@Aa
SID2609019982,123456@Aa
SID2609019985,123456@Aa
SID2609020347,123456@Aa
SID2609020390,123456@Aa
SID2609020393,123456@Aa
SID2609020349,123456@Aa
SID2609019988,123456@Aa
SID2609020397,123456@Aa
SID2609019990,123456@Aa
SID2609020399,123456@Aa
SID2609019992,123456@Aa
SID2609019995,123456@Aa
SID2609020352,123456@Aa
SID2609020402,123456@Aa
SID2609019998,123456@Aa
SID2609020001,123456@Aa
SID2609020354,123456@Aa
SID2609020004,123456@Aa
SID2609020007,123456@Aa
SID2609020357,123456@Aa
SID2609020406,123456@Aa
SID2609020360,123456@Aa
SID2609020363,123456@Aa
SID2609020366,123456@Aa
SID2609020369,123456@Aa
SID2609020372,123456@Aa
SID2609020010,123456@Aa
SID2609020410,123456@Aa
SID2609020012,123456@Aa
SID2609020412,123456@Aa
SID2609020415,123456@Aa
SID2609020375,123456@Aa
SID2609020419,123456@Aa
SID2609020422,123456@Aa
SID2609020425,123456@Aa
SID2609020378,123456@Aa
SID2609020381,123456@Aa
SID2609020384,123456@Aa
SID2609020386,123456@Aa
SID2609020428,123456@Aa
SID2609020431,123456@Aa
SID2609020435,123456@Aa
SID2609020439,123456@Aa
SID2609020388,123456@Aa
SID2609020015,123456@Aa
SID2609020018,123456@Aa
SID2609020392,123456@Aa
SID2609020022,123456@Aa
SID2609020442,123456@Aa
SID2609020025,123456@Aa
SID2609020028,123456@Aa
SID2609020396,123456@Aa
SID2609020444,123456@Aa
SID2609020400,123456@Aa
SID2609020030,123456@Aa
SID2609020403,123456@Aa
SID2609020447,123456@Aa
SID2609020450,123456@Aa
SID2609020405,123456@Aa
SID2609020408,123456@Aa
SID2609020453,123456@Aa
SID2609020411,123456@Aa
SID2609020033,123456@Aa
SID2609020416,123456@Aa
SID2609020456,123456@Aa
SID2609020418,123456@Aa
SID2609020036,123456@Aa
SID2609020039,123456@Aa
SID2609020421,123456@Aa
SID2609020042,123456@Aa
SID2609020460,123456@Aa
SID2609020424,123456@Aa
SID2609020463,123456@Aa
SID2609020045,123456@Aa
SID2609020465,123456@Aa
SID2609020048,123456@Aa
SID2609020469,123456@Aa
SID2609020472,123456@Aa
SID2609020051,123456@Aa
SID2609020475,123456@Aa
SID2609020477,123456@Aa
SID2609020481,123456@Aa
SID2609020426,123456@Aa
SID2609020484,123456@Aa
SID2609020430,123456@Aa
SID2609020054,123456@Aa
SID2609020487,123456@Aa
SID2609020057,123456@Aa
SID2609020433,123456@Aa
SID2609020490,123456@Aa
SID2609020436,123456@Aa
SID2609020438,123456@Aa
SID2609020493,123456@Aa
SID2609020496,123456@Aa
SID2609020440,123456@Aa
SID2609020499,123456@Aa
SID2609020443,123456@Aa
SID2609020446,123456@Aa
SID2609020060,123456@Aa
SID2609020063,123456@Aa
SID2609020066,123456@Aa
SID2609020448,123456@Aa
SID2609020068,123456@Aa
SID2609020451,123456@Aa
SID2609020502,123456@Aa
SID2609020071,123456@Aa
SID2609020074,123456@Aa
SID2609020454,123456@Aa
SID2609020505,123456@Aa
SID2609020077,123456@Aa
SID2609020457,123456@Aa
SID2609020459,123456@Aa
SID2609020462,123456@Aa
SID2609020466,123456@Aa
SID2609020468,123456@Aa
SID2609020471,123456@Aa
SID2609020081,123456@Aa
SID2609020474,123456@Aa
SID2609020478,123456@Aa
SID2609020508,123456@Aa
SID2609020480,123456@Aa
SID2609020083,123456@Aa
SID2609020483,123456@Aa
SID2609020086,123456@Aa
SID2609020511,123456@Aa
SID2609020514,123456@Aa
SID2609020486,123456@Aa
SID2609020517,123456@Aa
SID2609020489,123456@Aa
SID2609020520,123456@Aa
SID2609020089,123456@Aa
SID2609020523,123456@Aa
SID2609020526,123456@Aa
SID2609020529,123456@Aa
SID2609020532,123456@Aa
SID2609020092,123456@Aa
SID2609020534,123456@Aa
SID2609020536,123456@Aa
SID2609020095,123456@Aa
SID2609020492,123456@Aa
SID2609020099,123456@Aa
SID2609020495,123456@Aa
SID2609020498,123456@Aa
SID2609020102,123456@Aa
SID2609020501,123456@Aa
SID2609020104,123456@Aa
SID2609020539,123456@Aa
SID2609020504,123456@Aa
SID2609020107,123456@Aa
SID2609020542,123456@Aa
SID2609020507,123456@Aa
SID2609020110,123456@Aa
SID2609020113,123456@Aa
SID2609020510,123456@Aa
SID2609020546,123456@Aa
SID2609020513,123456@Aa
SID2609020116,123456@Aa
SID2609020119,123456@Aa
SID2609020516,123456@Aa
SID2609020122,123456@Aa
SID2609020548,123456@Aa
SID2609020126,123456@Aa
SID2609020129,123456@Aa
SID2609020133,123456@Aa
SID2609020519,123456@Aa
SID2609020522,123456@Aa
SID2609020135,123456@Aa
SID2609020525,123456@Aa
SID2609020528,123456@Aa
SID2609020531,123456@Aa
SID2609020138,123456@Aa
SID2609020551,123456@Aa
SID2609020535,123456@Aa
SID2609020140,123456@Aa
SID2609020554,123456@Aa
SID2609020557,123456@Aa
SID2609020143,123456@Aa
SID2609020146,123456@Aa
SID2609020560,123456@Aa
SID2609020563,123456@Aa
SID2609020566,123456@Aa
SID2609020538,123456@Aa
SID2609020569,123456@Aa
SID2609020149,123456@Aa
SID2609020573,123456@Aa
SID2609020577,123456@Aa
SID2609020152,123456@Aa
SID2609020579,123456@Aa
SID2609020541,123456@Aa
SID2609020582,123456@Aa
SID2609020585,123456@Aa
SID2609020544,123456@Aa
SID2609020588,123456@Aa
SID2609020155,123456@Aa
SID2609020158,123456@Aa
SID2609020161,123456@Aa
SID2609020164,123456@Aa
SID2609020547,123456@Aa
SID2609020167,123456@Aa
SID2609020591,123456@Aa
SID2609020550,123456@Aa
SID2609020594,123456@Aa
SID2609020170,123456@Aa
SID2609020553,123456@Aa
SID2609020173,123456@Aa
SID2609020176,123456@Aa
SID2609020179,123456@Aa
SID2609020556,123456@Aa
SID2609020598,123456@Aa
SID2609020182,123456@Aa
SID2609020559,123456@Aa
SID2609020562,123456@Aa
SID2609020185,123456@Aa
SID2609020188,123456@Aa
SID2609020565,123456@Aa
SID2609020600,123456@Aa
SID2609020191,123456@Aa
SID2609020194,123456@Aa
SID2609020603,123456@Aa
SID2609020197,123456@Aa
SID2609020200,123456@Aa
SID2609020607,123456@Aa
SID2609020203,123456@Aa
SID2609020610,123456@Aa
SID2609020568,123456@Aa
SID2609020613,123456@Aa
SID2609020571,123456@Aa
SID2609020574,123456@Aa
SID2609020616,123456@Aa
SID2609020619,123456@Aa
SID2609020206,123456@Aa
SID2609020576,123456@Aa
SID2609020622,123456@Aa
SID2609020209,123456@Aa
SID2609020212,123456@Aa
SID2609020215,123456@Aa
SID2609020580,123456@Aa
SID2609020583,123456@Aa
SID2609020587,123456@Aa
SID2609020625,123456@Aa
SID2609020218,123456@Aa
SID2609020629,123456@Aa
SID2609020590,123456@Aa
SID2609020593,123456@Aa
SID2609020221,123456@Aa
SID2609020632,123456@Aa
SID2609020596,123456@Aa
SID2609020599,123456@Aa
SID2609020223,123456@Aa
SID2609020634,123456@Aa
SID2609020602,123456@Aa
SID2609020605,123456@Aa
SID2609020227,123456@Aa
SID2609020230,123456@Aa
SID2609020231,123456@Aa
SID2609020234,123456@Aa
SID2609020237,123456@Aa
SID2609020608,123456@Aa
SID2609020611,123456@Aa
SID2609020240,123456@Aa
SID2609020614,123456@Aa
SID2609020636,123456@Aa
SID2609020641,123456@Aa
SID2609020243,123456@Aa
SID2609020617,123456@Aa
SID2609020620,123456@Aa
SID2609020246,123456@Aa
SID2609020623,123456@Aa
SID2609020644,123456@Aa
SID2609020249,123456@Aa
SID2609020252,123456@Aa
SID2609020626,123456@Aa
SID2609020628,123456@Aa
SID2609020631,123456@Aa
SID2609020255,123456@Aa
SID2609020647,123456@Aa
SID2609020258,123456@Aa
SID2609020635,123456@Aa
SID2609020261,123456@Aa
SID2609020639,123456@Aa
SID2609020650,123456@Aa
SID2609020642,123456@Aa
SID2609020264,123456@Aa
SID2609020267,123456@Aa
SID2609020270,123456@Aa
SID2609020653,123456@Aa
SID2609020657,123456@Aa
SID2609020273,123456@Aa
SID2609020645,123456@Aa
SID2609020660,123456@Aa
SID2609020648,123456@Aa
SID2609020275,123456@Aa
SID2609020277,123456@Aa
SID2609020663,123456@Aa
SID2609020665,123456@Aa
SID2609020280,123456@Aa
SID2609020283,123456@Aa
SID2609020651,123456@Aa
SID2609020654,123456@Aa
SID2609020656,123456@Aa
SID2609020668,123456@Aa
SID2609020288,123456@Aa
SID2609020291,123456@Aa
SID2609020659,123456@Aa
SID2609020671,123456@Aa
SID2609020294,123456@Aa
SID2609020297,123456@Aa
SID2609020661,123456@Aa
SID2609020300,123456@Aa
SID2609020675,123456@Aa
SID2609020302,123456@Aa
SID2609020305,123456@Aa
SID2609020676,123456@Aa
SID2609020308,123456@Aa
SID2609020666,123456@Aa
SID2609020311,123456@Aa
SID2609020667,123456@Aa
SID2609020314,123456@Aa
SID2609020679,123456@Aa
SID2609020670,123456@Aa
SID2609020674,123456@Aa
SID2609020317,123456@Aa
SID2609020682,123456@Aa
SID2609020686,123456@Aa
SID2609020320,123456@Aa
SID2609020678,123456@Aa
SID2609020681,123456@Aa
SID2609020684,123456@Aa
SID2609020687,123456@Aa
SID2609020322,123456@Aa
SID2609020689,123456@Aa
SID2609020693,123456@Aa
SID2609020324,123456@Aa
SID2609020696,123456@Aa
SID2609020699,123456@Aa
SID2609020327,123456@Aa
SID2609020688,123456@Aa
SID2609020691,123456@Aa
SID2609020695,123456@Aa
SID2609020331,123456@Aa
SID2609020698,123456@Aa
SID2609020702,123456@Aa
SID2609020335,123456@Aa
SID2609020337,123456@Aa
SID2609020340,123456@Aa
SID2609020705,123456@Aa
SID2609020344,123456@Aa
SID2609020701,123456@Aa
SID2609020704,123456@Aa
SID2609020707,123456@Aa
SID2609020708,123456@Aa
SID2609020710,123456@Aa
SID2609020711,123456@Aa
SID2609020346,123456@Aa
SID2609020348,123456@Aa
SID2609020353,123456@Aa
SID2609020714,123456@Aa
SID2609020355,123456@Aa
SID2609020715,123456@Aa
SID2609020717,123456@Aa
SID2609020720,123456@Aa
SID2609020718,123456@Aa
SID2609020724,123456@Aa
SID2609020359,123456@Aa
SID2609020362,123456@Aa
SID2609020365,123456@Aa
SID2609020721,123456@Aa
SID2609020368,123456@Aa
SID2609020723,123456@Aa
SID2609020726,123456@Aa
SID2609020371,123456@Aa
SID2609020730,123456@Aa
SID2609020727,123456@Aa
SID2609020732,123456@Aa
SID2609020729,123456@Aa
SID2609020735,123456@Aa
SID2609020738,123456@Aa
SID2609020741,123456@Aa
SID2609020374,123456@Aa
SID2609020734,123456@Aa
SID2609020744,123456@Aa
SID2609020737,123456@Aa
SID2609020739,123456@Aa
SID2609020748,123456@Aa
SID2609020377,123456@Aa
SID2609020751,123456@Aa
SID2609020754,123456@Aa
SID2609020757,123456@Aa
SID2609020760,123456@Aa
SID2609020743,123456@Aa
SID2609020746,123456@Aa
SID2609020763,123456@Aa
SID2609020749,123456@Aa
SID2609020766,123456@Aa
SID2609020380,123456@Aa
SID2609020382,123456@Aa
SID2609020752,123456@Aa
SID2609020755,123456@Aa
SID2609020385,123456@Aa
SID2609020389,123456@Aa
SID2609020758,123456@Aa
SID2609020769,123456@Aa
SID2609020762,123456@Aa
SID2609020765,123456@Aa
SID2609020770,123456@Aa
SID2609020773,123456@Aa
SID2609020777,123456@Aa
SID2609020391,123456@Aa
SID2609020781,123456@Aa
SID2609020394,123456@Aa
SID2609020395,123456@Aa
SID2609020784,123456@Aa
SID2609020787,123456@Aa
SID2609020768,123456@Aa
SID2609020790,123456@Aa
SID2609020793,123456@Aa
SID2609020771,123456@Aa
SID2609020775,123456@Aa
SID2609020776,123456@Aa
SID2609020398,123456@Aa
SID2609020401,123456@Aa
SID2609020404,123456@Aa
SID2609020407,123456@Aa
SID2609020796,123456@Aa
SID2609020798,123456@Aa
SID2609020801,123456@Aa
SID2609020779,123456@Aa
SID2609020783,123456@Aa
SID2609020409,123456@Aa
SID2609020413,123456@Aa
SID2609020804,123456@Aa
SID2609020414,123456@Aa
SID2609020786,123456@Aa
SID2609020789,123456@Aa
SID2609020417,123456@Aa
SID2609020792,123456@Aa
SID2609020420,123456@Aa
SID2609020423,123456@Aa
SID2609020795,123456@Aa
SID2609020427,123456@Aa
SID2609020799,123456@Aa
SID2609020802,123456@Aa
SID2609020429,123456@Aa
SID2609020432,123456@Aa
SID2609020805,123456@Aa
SID2609020808,123456@Aa
SID2609020807,123456@Aa
SID2609020434,123456@Aa
SID2609020810,123456@Aa
SID2609020811,123456@Aa
SID2609020437,123456@Aa
SID2609020814,123456@Aa
SID2609020441,123456@Aa
SID2609020445,123456@Aa
SID2609020813,123456@Aa
SID2609020817,123456@Aa
SID2609020449,123456@Aa
SID2609020816,123456@Aa
SID2609020819,123456@Aa
SID2609020452,123456@Aa
SID2609020822,123456@Aa
SID2609020825,123456@Aa
SID2609020455,123456@Aa
SID2609020458,123456@Aa
SID2609020820,123456@Aa
SID2609020829,123456@Aa
SID2609020823,123456@Aa
SID2609020827,123456@Aa
SID2609020832,123456@Aa
SID2609020461,123456@Aa
SID2609020464,123456@Aa
SID2609020830,123456@Aa
SID2609020833,123456@Aa
SID2609020835,123456@Aa
SID2609020467,123456@Aa
SID2609020836,123456@Aa
SID2609020839,123456@Aa
SID2609020838,123456@Aa
SID2609020841,123456@Aa
SID2609020843,123456@Aa
SID2609020842,123456@Aa
SID2609020470,123456@Aa
SID2609020845,123456@Aa
SID2609020846,123456@Aa
SID2609020473,123456@Aa
SID2609020849,123456@Aa
SID2609020476,123456@Aa
SID2609020848,123456@Aa
SID2609020852,123456@Aa
SID2609020479,123456@Aa
SID2609020482,123456@Aa
SID2609020851,123456@Aa
SID2609020854,123456@Aa
SID2609020857,123456@Aa
SID2609020860,123456@Aa
SID2609020863,123456@Aa
SID2609020485,123456@Aa
SID2609020855,123456@Aa
SID2609020866,123456@Aa
SID2609020859,123456@Aa
SID2609020869,123456@Aa
SID2609020872,123456@Aa
SID2609020861,123456@Aa
SID2609020864,123456@Aa
SID2609020488,123456@Aa
SID2609020491,123456@Aa
SID2609020494,123456@Aa
SID2609020867,123456@Aa
SID2609020870,123456@Aa
SID2609020875,123456@Aa
SID2609020873,123456@Aa
SID2609020878,123456@Aa
SID2609020497,123456@Aa
SID2609020877,123456@Aa
SID2609020879,123456@Aa
SID2609020880,123456@Aa
SID2609020500,123456@Aa
SID2609020882,123456@Aa
SID2609020883,123456@Aa
SID2609020887,123456@Aa
SID2609020890,123456@Aa
SID2609020893,123456@Aa
SID2609020896,123456@Aa
SID2609020886,123456@Aa
SID2609020888,123456@Aa
SID2609020892,123456@Aa
SID2609020899,123456@Aa
SID2609020902,123456@Aa
SID2609020503,123456@Aa
SID2609020506,123456@Aa
SID2609020509,123456@Aa
SID2609020905,123456@Aa
SID2609020894,123456@Aa
SID2609020908,123456@Aa
SID2609020512,123456@Aa
SID2609020515,123456@Aa
SID2609020898,123456@Aa
SID2609020911,123456@Aa
SID2609020914,123456@Aa
SID2609020917,123456@Aa
SID2609020518,123456@Aa
SID2609020521,123456@Aa
SID2609020900,123456@Aa
SID2609020903,123456@Aa
SID2609020906,123456@Aa
SID2609020920,123456@Aa
SID2609020923,123456@Aa
SID2609020909,123456@Aa
SID2609020913,123456@Aa
SID2609020925,123456@Aa
SID2609020928,123456@Aa
SID2609020916,123456@Aa
SID2609020524,123456@Aa
SID2609020931,123456@Aa
SID2609020919,123456@Aa
SID2609020922,123456@Aa
SID2609020926,123456@Aa
SID2609020527,123456@Aa
SID2609020929,123456@Aa
SID2609020934,123456@Aa
SID2609020938,123456@Aa
SID2609020932,123456@Aa
SID2609020935,123456@Aa
SID2609020941,123456@Aa
SID2609020944,123456@Aa
SID2609020947,123456@Aa
SID2609020950,123456@Aa
SID2609020939,123456@Aa
SID2609020530,123456@Aa
SID2609020953,123456@Aa
SID2609020533,123456@Aa
SID2609020537,123456@Aa
SID2609020942,123456@Aa
SID2609020945,123456@Aa
SID2609020540,123456@Aa
SID2609020956,123456@Aa
SID2609020959,123456@Aa
SID2609020961,123456@Aa
SID2609020543,123456@Aa
SID2609020964,123456@Aa
SID2609020948,123456@Aa
SID2609020951,123456@Aa
SID2609020545,123456@Aa
SID2609020967,123456@Aa
SID2609020954,123456@Aa
SID2609020957,123456@Aa
SID2609020960,123456@Aa
SID2609020969,123456@Aa
SID2609020549,123456@Aa
SID2609020972,123456@Aa
SID2609020963,123456@Aa
SID2609020966,123456@Aa
SID2609020552,123456@Aa
SID2609020555,123456@Aa
SID2609020558,123456@Aa
SID2609020970,123456@Aa
SID2609020973,123456@Aa
SID2609020561,123456@Aa
SID2609020564,123456@Aa
SID2609020975,123456@Aa
SID2609020567,123456@Aa
SID2609020978,123456@Aa
SID2609020981,123456@Aa
SID2609020976,123456@Aa
SID2609020984,123456@Aa
SID2609020987,123456@Aa
SID2609020570,123456@Aa
SID2609020990,123456@Aa
SID2609020979,123456@Aa
SID2609020572,123456@Aa
SID2609020983,123456@Aa
SID2609020575,123456@Aa
SID2609020993,123456@Aa
SID2609020996,123456@Aa
SID2609020578,123456@Aa
SID2609020581,123456@Aa
SID2609020999,123456@Aa
SID2609020986,123456@Aa
SID2609020989,123456@Aa
SID2609020992,123456@Aa
SID2609021002,123456@Aa
SID2609021006,123456@Aa
SID2609020995,123456@Aa
SID2609021008,123456@Aa
SID2609020998,123456@Aa
SID2609021001,123456@Aa
SID2609020584,123456@Aa
SID2609020586,123456@Aa
SID2609021004,123456@Aa
SID2609020589,123456@Aa
SID2609020592,123456@Aa
SID2609021009,123456@Aa
SID2609021012,123456@Aa
SID2609021010,123456@Aa
SID2609020595,123456@Aa
SID2609020597,123456@Aa
SID2609021014,123456@Aa
SID2609021013,123456@Aa
SID2609021016,123456@Aa
SID2609021020,123456@Aa
SID2609020601,123456@Aa
SID2609021023,123456@Aa
SID2609021017,123456@Aa
SID2609021019,123456@Aa
SID2609020604,123456@Aa
SID2609021026,123456@Aa
SID2609021022,123456@Aa
SID2609020606,123456@Aa
SID2609020609,123456@Aa
SID2609020612,123456@Aa
SID2609021029,123456@Aa
SID2609021025,123456@Aa
SID2609021028,123456@Aa
SID2609020615,123456@Aa
SID2609020618,123456@Aa
SID2609021031,123456@Aa
SID2609020621,123456@Aa
SID2609021034,123456@Aa
SID2609021038,123456@Aa
SID2609020624,123456@Aa
SID2609020627,123456@Aa
SID2609021041,123456@Aa
SID2609021044,123456@Aa
SID2609021032,123456@Aa
SID2609021035,123456@Aa
SID2609021037,123456@Aa
SID2609021047,123456@Aa
SID2609021050,123456@Aa
SID2609021053,123456@Aa
SID2609020630,123456@Aa
SID2609021040,123456@Aa
SID2609021043,123456@Aa
SID2609020633,123456@Aa
SID2609021056,123456@Aa
SID2609020637,123456@Aa
SID2609020638,123456@Aa
SID2609021046,123456@Aa
SID2609020640,123456@Aa
SID2609021059,123456@Aa
SID2609020643,123456@Aa
SID2609021048,123456@Aa
SID2609021063,123456@Aa
SID2609021052,123456@Aa
SID2609021055,123456@Aa
SID2609021066,123456@Aa
SID2609021058,123456@Aa
SID2609020646,123456@Aa
SID2609020649,123456@Aa
SID2609021069,123456@Aa
SID2609021061,123456@Aa
SID2609021072,123456@Aa
SID2609021075,123456@Aa
SID2609020652,123456@Aa
SID2609021078,123456@Aa
SID2609021064,123456@Aa
SID2609021081,123456@Aa
SID2609021067,123456@Aa
SID2609021070,123456@Aa
SID2609020655,123456@Aa
SID2609021084,123456@Aa
SID2609021073,123456@Aa
SID2609020658,123456@Aa
SID2609021087,123456@Aa
SID2609020662,123456@Aa
SID2609021076,123456@Aa
SID2609021090,123456@Aa
SID2609020664,123456@Aa
SID2609021093,123456@Aa
SID2609021079,123456@Aa
SID2609021082,123456@Aa
SID2609021085,123456@Aa
SID2609021088,123456@Aa
SID2609020669,123456@Aa
SID2609021096,123456@Aa
SID2609020672,123456@Aa
SID2609021091,123456@Aa
SID2609021099,123456@Aa
SID2609020673,123456@Aa
SID2609021102,123456@Aa
SID2609020677,123456@Aa
SID2609020680,123456@Aa
SID2609021105,123456@Aa
SID2609021094,123456@Aa
SID2609021108,123456@Aa
SID2609021097,123456@Aa
SID2609020683,123456@Aa
SID2609020685,123456@Aa
SID2609021100,123456@Aa
SID2609021103,123456@Aa
SID2609021111,123456@Aa
SID2609021106,123456@Aa
SID2609020690,123456@Aa
SID2609021114,123456@Aa
SID2609021109,123456@Aa
SID2609021117,123456@Aa
SID2609020692,123456@Aa
SID2609021120,123456@Aa
SID2609021124,123456@Aa
SID2609021112,123456@Aa
SID2609021127,123456@Aa
SID2609021130,123456@Aa
SID2609021133,123456@Aa
SID2609021115,123456@Aa
SID2609021118,123456@Aa
SID2609021121,123456@Aa
SID2609020694,123456@Aa
SID2609020697,123456@Aa
SID2609020700,123456@Aa
SID2609020703,123456@Aa
SID2609021136,123456@Aa
SID2609020706,123456@Aa
SID2609020709,123456@Aa
SID2609020712,123456@Aa
SID2609020713,123456@Aa
SID2609021139,123456@Aa
SID2609021143,123456@Aa
SID2609020716,123456@Aa
SID2609020719,123456@Aa
SID2609021145,123456@Aa
SID2609021123,123456@Aa
SID2609020722,123456@Aa
SID2609021148,123456@Aa
SID2609021126,123456@Aa
SID2609020725,123456@Aa
SID2609020728,123456@Aa
SID2609021151,123456@Aa
SID2609021129,123456@Aa
SID2609020731,123456@Aa
SID2609020733,123456@Aa
SID2609021132,123456@Aa
SID2609020736,123456@Aa
SID2609021135,123456@Aa
SID2609021138,123456@Aa
SID2609020740,123456@Aa
SID2609021154,123456@Aa
SID2609020742,123456@Aa
SID2609021157,123456@Aa
SID2609021142,123456@Aa
SID2609021146,123456@Aa
SID2609020745,123456@Aa
SID2609020747,123456@Aa
SID2609021160,123456@Aa
SID2609020750,123456@Aa
SID2609021163,123456@Aa
SID2609021149,123456@Aa
SID2609021153,123456@Aa
SID2609021167,123456@Aa
SID2609021170,123456@Aa
SID2609021156,123456@Aa
SID2609020753,123456@Aa
SID2609021159,123456@Aa
SID2609021162,123456@Aa
SID2609021174,123456@Aa
SID2609021165,123456@Aa
SID2609021177,123456@Aa
SID2609020756,123456@Aa
SID2609021180,123456@Aa
SID2609021168,123456@Aa
SID2609021171,123456@Aa
SID2609020759,123456@Aa
SID2609021183,123456@Aa
SID2609021173,123456@Aa
SID2609021186,123456@Aa
SID2609020761,123456@Aa
SID2609021189,123456@Aa
SID2609021192,123456@Aa
SID2609021176,123456@Aa
SID2609021195,123456@Aa
SID2609021198,123456@Aa
SID2609020764,123456@Aa
SID2609020767,123456@Aa
SID2609020772,123456@Aa
SID2609021201,123456@Aa
SID2609021179,123456@Aa
SID2609020774,123456@Aa
SID2609021182,123456@Aa
SID2609021185,123456@Aa
SID2609020778,123456@Aa
SID2609021204,123456@Aa
SID2609021188,123456@Aa
SID2609020780,123456@Aa
SID2609021207,123456@Aa
SID2609020782,123456@Aa
SID2609020785,123456@Aa
SID2609020788,123456@Aa
SID2609021191,123456@Aa
SID2609020791,123456@Aa
SID2609021194,123456@Aa
SID2609021197,123456@Aa
SID2609021200,123456@Aa
SID2609021203,123456@Aa
SID2609020794,123456@Aa
SID2609021210,123456@Aa
SID2609020797,123456@Aa
SID2609021213,123456@Aa
SID2609021205,123456@Aa
SID2609021217,123456@Aa
SID2609021220,123456@Aa
SID2609021208,123456@Aa
SID2609021223,123456@Aa
SID2609020800,123456@Aa
SID2609021226,123456@Aa
SID2609021229,123456@Aa
SID2609020803,123456@Aa
SID2609020806,123456@Aa
SID2609021211,123456@Aa
SID2609021232,123456@Aa
SID2609020809,123456@Aa
SID2609020812,123456@Aa
SID2609021214,123456@Aa
SID2609021218,123456@Aa
SID2609020815,123456@Aa
SID2609020818,123456@Aa
SID2609021235,123456@Aa
SID2609020821,123456@Aa
SID2609020824,123456@Aa
SID2609020826,123456@Aa
SID2609021238,123456@Aa
SID2609021241,123456@Aa
SID2609021221,123456@Aa
SID2609020828,123456@Aa
SID2609021225,123456@Aa
SID2609020831,123456@Aa
SID2609021228,123456@Aa
SID2609020834,123456@Aa
SID2609021230,123456@Aa
SID2609021244,123456@Aa
SID2609021247,123456@Aa
SID2609020837,123456@Aa
SID2609020840,123456@Aa
SID2609021233,123456@Aa
SID2609021236,123456@Aa
SID2609021239,123456@Aa
SID2609021242,123456@Aa
SID2609021250,123456@Aa
SID2609021245,123456@Aa
SID2609021253,123456@Aa
SID2609020844,123456@Aa
SID2609020847,123456@Aa
SID2609021255,123456@Aa
SID2609020850,123456@Aa
SID2609021258,123456@Aa
SID2609021261,123456@Aa
SID2609021249,123456@Aa
SID2609021265,123456@Aa
SID2609021267,123456@Aa
SID2609021270,123456@Aa
SID2609021252,123456@Aa
SID2609021274,123456@Aa
SID2609021256,123456@Aa
SID2609020853,123456@Aa
SID2609020856,123456@Aa
SID2609021277,123456@Aa
SID2609020858,123456@Aa
SID2609021281,123456@Aa
SID2609021284,123456@Aa
SID2609021287,123456@Aa
SID2609021259,123456@Aa
SID2609020862,123456@Aa
SID2609021290,123456@Aa
SID2609021293,123456@Aa
SID2609020865,123456@Aa
SID2609021262,123456@Aa
SID2609021295,123456@Aa
SID2609021264,123456@Aa
SID2609021268,123456@Aa
SID2609021298,123456@Aa
SID2609020868,123456@Aa
SID2609020871,123456@Aa
SID2609021302,123456@Aa
SID2609021271,123456@Aa
SID2609021305,123456@Aa
SID2609020874,123456@Aa
SID2609021273,123456@Aa
SID2609021308,123456@Aa
SID2609021276,123456@Aa
SID2609021311,123456@Aa
SID2609021279,123456@Aa
SID2609021282,123456@Aa
SID2609021285,123456@Aa
SID2609021288,123456@Aa
SID2609021291,123456@Aa
SID2609020876,123456@Aa
SID2609021294,123456@Aa
SID2609021314,123456@Aa
SID2609020881,123456@Aa
SID2609020884,123456@Aa
SID2609020885,123456@Aa
SID2609021297,123456@Aa
SID2609021300,123456@Aa
SID2609021317,123456@Aa
SID2609021303,123456@Aa
SID2609020889,123456@Aa
SID2609020891,123456@Aa
SID2609021306,123456@Aa
SID2609021309,123456@Aa
SID2609021322,123456@Aa
SID2609020895,123456@Aa
SID2609021312,123456@Aa
SID2609021325,123456@Aa
SID2609021328,123456@Aa
SID2609020897,123456@Aa
SID2609021333,123456@Aa
SID2609021315,123456@Aa
SID2609021336,123456@Aa
SID2609021339,123456@Aa
SID2609020901,123456@Aa
SID2609021342,123456@Aa
SID2609021345,123456@Aa
SID2609020904,123456@Aa
SID2609021319,123456@Aa
SID2609021321,123456@Aa
SID2609021324,123456@Aa
SID2609021327,123456@Aa
SID2609020907,123456@Aa
SID2609021348,123456@Aa
SID2609021351,123456@Aa
SID2609021329,123456@Aa
SID2609020910,123456@Aa
SID2609021354,123456@Aa
SID2609020912,123456@Aa
SID2609021357,123456@Aa
SID2609020915,123456@Aa
SID2609021331,123456@Aa
SID2609020918,123456@Aa
SID2609020921,123456@Aa
SID2609021334,123456@Aa
SID2609021360,123456@Aa
SID2609020924,123456@Aa
SID2609021337,123456@Aa
SID2609020927,123456@Aa
SID2609020930,123456@Aa
SID2609020933,123456@Aa
SID2609021363,123456@Aa
SID2609021341,123456@Aa
SID2609020936,123456@Aa
SID2609021344,123456@Aa
SID2609021367,123456@Aa
SID2609021346,123456@Aa
SID2609020937,123456@Aa
SID2609021349,123456@Aa
SID2609021350,123456@Aa
SID2609021370,123456@Aa
SID2609021373,123456@Aa
SID2609021353,123456@Aa
SID2609021376,123456@Aa
SID2609020940,123456@Aa
SID2609020943,123456@Aa
SID2609020946,123456@Aa
SID2609021379,123456@Aa
SID2609021356,123456@Aa
SID2609021359,123456@Aa
SID2609021362,123456@Aa
SID2609021365,123456@Aa
SID2609021382,123456@Aa
SID2609021368,123456@Aa
SID2609021371,123456@Aa
SID2609020949,123456@Aa
SID2609021374,123456@Aa
SID2609021385,123456@Aa
SID2609021388,123456@Aa
SID2609021377,123456@Aa
SID2609020952,123456@Aa
SID2609020955,123456@Aa
SID2609020958,123456@Aa
SID2609020962,123456@Aa
SID2609021391,123456@Aa
SID2609021395,123456@Aa
SID2609021381,123456@Aa
SID2609021398,123456@Aa
SID2609021402,123456@Aa
SID2609020965,123456@Aa
SID2609020968,123456@Aa
SID2609021405,123456@Aa
SID2609021407,123456@Aa
SID2609020971,123456@Aa
SID2609021384,123456@Aa
SID2609021387,123456@Aa
SID2609021409,123456@Aa
SID2609021390,123456@Aa
SID2609021411,123456@Aa
SID2609020974,123456@Aa
SID2609021414,123456@Aa
SID2609021392,123456@Aa
SID2609021417,123456@Aa
SID2609020977,123456@Aa
SID2609021421,123456@Aa
SID2609020980,123456@Aa
SID2609021394,123456@Aa
SID2609021397,123456@Aa
SID2609021423,123456@Aa
SID2609020982,123456@Aa
SID2609021400,123456@Aa
SID2609021427,123456@Aa
SID2609021404,123456@Aa
SID2609021408,123456@Aa
SID2609020985,123456@Aa
SID2609020988,123456@Aa
SID2609021430,123456@Aa
SID2609021433,123456@Aa
SID2609021436,123456@Aa
SID2609020991,123456@Aa
SID2609020994,123456@Aa
SID2609021439,123456@Aa
SID2609020997,123456@Aa
SID2609021412,123456@Aa
SID2609021000,123456@Aa
SID2609021442,123456@Aa
SID2609021415,123456@Aa
SID2609021445,123456@Aa
SID2609021003,123456@Aa
SID2609021448,123456@Aa
SID2609021418,123456@Aa
SID2609021451,123456@Aa
SID2609021422,123456@Aa
SID2609021454,123456@Aa
SID2609021425,123456@Aa
SID2609021005,123456@Aa
SID2609021428,123456@Aa
SID2609021007,123456@Aa
SID2609021457,123456@Aa
SID2609021011,123456@Aa
SID2609021015,123456@Aa
SID2609021431,123456@Aa
SID2609021018,123456@Aa
SID2609021021,123456@Aa
SID2609021434,123456@Aa
SID2609021024,123456@Aa
SID2609021437,123456@Aa
SID2609021460,123456@Aa
SID2609021440,123456@Aa
SID2609021443,123456@Aa
SID2609021463,123456@Aa
SID2609021446,123456@Aa
SID2609021466,123456@Aa
SID2609021469,123456@Aa
SID2609021449,123456@Aa
SID2609021473,123456@Aa
SID2609021476,123456@Aa
SID2609021479,123456@Aa
SID2609021483,123456@Aa
SID2609021486,123456@Aa
SID2609021452,123456@Aa
SID2609021489,123456@Aa
SID2609021455,123456@Aa
SID2609021458,123456@Aa
SID2609021027,123456@Aa
SID2609021461,123456@Aa
SID2609021464,123456@Aa
SID2609021492,123456@Aa
SID2609021467,123456@Aa
SID2609021030,123456@Aa
SID2609021470,123456@Aa
SID2609021494,123456@Aa
SID2609021497,123456@Aa
SID2609021500,123456@Aa
SID2609021033,123456@Aa
SID2609021503,123456@Aa
SID2609021036,123456@Aa
SID2609021472,123456@Aa
SID2609021506,123456@Aa
SID2609021475,123456@Aa
SID2609021039,123456@Aa
SID2609021478,123456@Aa
SID2609021042,123456@Aa
SID2609021481,123456@Aa
SID2609021484,123456@Aa
SID2609021509,123456@Aa
SID2609021512,123456@Aa
SID2609021045,123456@Aa
SID2609021515,123456@Aa
SID2609021049,123456@Aa
SID2609021518,123456@Aa
SID2609021521,123456@Aa
SID2609021487,123456@Aa
SID2609021525,123456@Aa
SID2609021051,123456@Aa
SID2609021527,123456@Aa
SID2609021530,123456@Aa
SID2609021054,123456@Aa
SID2609021534,123456@Aa
SID2609021536,123456@Aa
SID2609021539,123456@Aa
SID2609021542,123456@Aa
SID2609021057,123456@Aa
SID2609021545,123456@Aa
SID2609021548,123456@Aa
SID2609021551,123456@Aa
SID2609021554,123456@Aa
SID2609021490,123456@Aa
SID2609021558,123456@Aa
SID2609021495,123456@Aa
SID2609021060,123456@Aa
SID2609021062,123456@Aa
SID2609021562,123456@Aa
SID2609021564,123456@Aa
SID2609021498,123456@Aa
SID2609021501,123456@Aa
SID2609021504,123456@Aa
SID2609021065,123456@Aa
SID2609021568,123456@Aa
SID2609021068,123456@Aa
SID2609021071,123456@Aa
SID2609021570,123456@Aa
SID2609021507,123456@Aa
SID2609021510,123456@Aa
SID2609021574,123456@Aa
SID2609021578,123456@Aa
SID2609021074,123456@Aa
SID2609021513,123456@Aa
SID2609021516,123456@Aa
SID2609021581,123456@Aa
SID2609021584,123456@Aa
SID2609021587,123456@Aa
SID2609021590,123456@Aa
SID2609021592,123456@Aa
SID2609021595,123456@Aa
SID2609021519,123456@Aa
SID2609021598,123456@Aa
SID2609021522,123456@Aa
SID2609021524,123456@Aa
SID2609021077,123456@Aa
SID2609021080,123456@Aa
SID2609021083,123456@Aa
SID2609021601,123456@Aa
SID2609021528,123456@Aa
SID2609021531,123456@Aa
SID2609021086,123456@Aa
SID2609021533,123456@Aa
SID2609021089,123456@Aa
SID2609021537,123456@Aa
SID2609021604,123456@Aa
SID2609021540,123456@Aa
SID2609021543,123456@Aa
SID2609021092,123456@Aa
SID2609021095,123456@Aa
SID2609021546,123456@Aa
SID2609021549,123456@Aa
SID2609021098,123456@Aa
SID2609021607,123456@Aa
SID2609021552,123456@Aa
SID2609021101,123456@Aa
SID2609021555,123456@Aa
SID2609021610,123456@Aa
SID2609021613,123456@Aa
SID2609021104,123456@Aa
SID2609021557,123456@Aa
SID2609021107,123456@Aa
SID2609021615,123456@Aa
SID2609021110,123456@Aa
SID2609021561,123456@Aa
SID2609021113,123456@Aa
SID2609021563,123456@Aa
SID2609021618,123456@Aa
SID2609021116,123456@Aa
SID2609021621,123456@Aa
SID2609021624,123456@Aa
SID2609021627,123456@Aa
SID2609021630,123456@Aa
SID2609021119,123456@Aa
SID2609021633,123456@Aa
SID2609021637,123456@Aa
SID2609021640,123456@Aa
SID2609021566,123456@Aa
SID2609021569,123456@Aa
SID2609021643,123456@Aa
SID2609021646,123456@Aa
SID2609021649,123456@Aa
SID2609021652,123456@Aa
SID2609021122,123456@Aa
SID2609021572,123456@Aa
SID2609021125,123456@Aa
SID2609021655,123456@Aa
SID2609021658,123456@Aa
SID2609021661,123456@Aa
SID2609021664,123456@Aa
SID2609021667,123456@Aa
SID2609021573,123456@Aa
SID2609021576,123456@Aa
SID2609021670,123456@Aa
SID2609021673,123456@Aa
SID2609021580,123456@Aa
SID2609021583,123456@Aa
SID2609021586,123456@Aa
SID2609021128,123456@Aa
SID2609021131,123456@Aa
SID2609021134,123456@Aa
SID2609021676,123456@Aa
SID2609021137,123456@Aa
SID2609021140,123456@Aa
SID2609021589,123456@Aa
SID2609021141,123456@Aa
SID2609021593,123456@Aa
SID2609021597,123456@Aa
SID2609021144,123456@Aa
SID2609021147,123456@Aa
SID2609021600,123456@Aa
SID2609021679,123456@Aa
SID2609021682,123456@Aa
SID2609021602,123456@Aa
SID2609021150,123456@Aa
SID2609021152,123456@Aa
SID2609021605,123456@Aa
SID2609021155,123456@Aa
SID2609021158,123456@Aa
SID2609021161,123456@Aa
SID2609021164,123456@Aa
SID2609021166,123456@Aa
SID2609021685,123456@Aa
SID2609021689,123456@Aa
SID2609021609,123456@Aa
SID2609021612,123456@Aa
SID2609021692,123456@Aa
SID2609021169,123456@Aa
SID2609021172,123456@Aa
SID2609021175,123456@Aa
SID2609021178,123456@Aa
SID2609021181,123456@Aa
SID2609021695,123456@Aa
SID2609021184,123456@Aa
SID2609021697,123456@Aa
SID2609021187,123456@Aa
SID2609021700,123456@Aa
SID2609021703,123456@Aa
SID2609021705,123456@Aa
SID2609021190,123456@Aa
SID2609021193,123456@Aa
SID2609021616,123456@Aa
SID2609021619,123456@Aa
SID2609021708,123456@Aa
SID2609021711,123456@Aa
SID2609021715,123456@Aa
SID2609021196,123456@Aa
SID2609021199,123456@Aa
SID2609021202,123456@Aa
SID2609021718,123456@Aa
SID2609021622,123456@Aa
SID2609021625,123456@Aa
SID2609021206,123456@Aa
SID2609021209,123456@Aa
SID2609021721,123456@Aa
SID2609021629,123456@Aa
SID2609021631,123456@Aa
SID2609021724,123456@Aa
SID2609021634,123456@Aa
SID2609021212,123456@Aa
SID2609021638,123456@Aa
SID2609021727,123456@Aa
SID2609021730,123456@Aa
SID2609021215,123456@Aa
SID2609021734,123456@Aa
SID2609021641,123456@Aa
SID2609021736,123456@Aa
SID2609021644,123456@Aa
SID2609021216,123456@Aa
SID2609021219,123456@Aa
SID2609021222,123456@Aa
SID2609021740,123456@Aa
SID2609021743,123456@Aa
SID2609021745,123456@Aa
SID2609021748,123456@Aa
SID2609021751,123456@Aa
SID2609021224,123456@Aa
SID2609021647,123456@Aa
SID2609021650,123456@Aa
SID2609021227,123456@Aa
SID2609021653,123456@Aa
SID2609021656,123456@Aa
SID2609021754,123456@Aa
SID2609021660,123456@Aa
SID2609021231,123456@Aa
SID2609021662,123456@Aa
SID2609021665,123456@Aa
SID2609021234,123456@Aa
SID2609021237,123456@Aa
SID2609021757,123456@Aa
SID2609021668,123456@Aa
SID2609021759,123456@Aa
SID2609021671,123456@Aa
SID2609021240,123456@Aa
SID2609021243,123456@Aa
SID2609021246,123456@Aa
SID2609021674,123456@Aa
SID2609021762,123456@Aa
SID2609021766,123456@Aa
SID2609021248,123456@Aa
SID2609021251,123456@Aa
SID2609021677,123456@Aa
SID2609021768,123456@Aa
SID2609021771,123456@Aa
SID2609021254,123456@Aa
SID2609021774,123456@Aa
SID2609021778,123456@Aa
SID2609021257,123456@Aa
SID2609021781,123456@Aa
SID2609021785,123456@Aa
SID2609021260,123456@Aa
SID2609021263,123456@Aa
SID2609021266,123456@Aa
SID2609021680,123456@Aa
SID2609021789,123456@Aa
SID2609021791,123456@Aa
SID2609021684,123456@Aa
SID2609021269,123456@Aa
SID2609021794,123456@Aa
SID2609021798,123456@Aa
SID2609021272,123456@Aa
SID2609021687,123456@Aa
SID2609021275,123456@Aa
SID2609021278,123456@Aa
SID2609021802,123456@Aa
SID2609021280,123456@Aa
SID2609021690,123456@Aa
SID2609021693,123456@Aa
SID2609021283,123456@Aa
SID2609021286,123456@Aa
SID2609021289,123456@Aa
SID2609021805,123456@Aa
SID2609021808,123456@Aa
SID2609021696,123456@Aa
SID2609021699,123456@Aa
SID2609021811,123456@Aa
SID2609021814,123456@Aa
SID2609021702,123456@Aa
SID2609021706,123456@Aa
SID2609021292,123456@Aa
SID2609021709,123456@Aa
SID2609021713,123456@Aa
SID2609021296,123456@Aa
SID2609021817,123456@Aa
SID2609021716,123456@Aa
SID2609021299,123456@Aa
SID2609021301,123456@Aa
SID2609021719,123456@Aa
SID2609021722,123456@Aa
SID2609021304,123456@Aa
SID2609021725,123456@Aa
SID2609021728,123456@Aa
SID2609021820,123456@Aa
SID2609021823,123456@Aa
SID2609021307,123456@Aa
SID2609021310,123456@Aa
SID2609021731,123456@Aa
SID2609021826,123456@Aa
SID2609021732,123456@Aa
SID2609021829,123456@Aa
SID2609021735,123456@Aa
SID2609021313,123456@Aa
SID2609021832,123456@Aa
SID2609021836,123456@Aa
SID2609021316,123456@Aa
SID2609021838,123456@Aa
SID2609021738,123456@Aa
SID2609021841,123456@Aa
SID2609021741,123456@Aa
SID2609021844,123456@Aa
SID2609021847,123456@Aa
SID2609021850,123456@Aa
SID2609021744,123456@Aa
SID2609021852,123456@Aa
SID2609021747,123456@Aa
SID2609021855,123456@Aa
SID2609021318,123456@Aa
SID2609021750,123456@Aa
SID2609021753,123456@Aa
SID2609021756,123456@Aa
SID2609021859,123456@Aa
SID2609021862,123456@Aa
SID2609021320,123456@Aa
SID2609021865,123456@Aa
SID2609021323,123456@Aa
SID2609021868,123456@Aa
SID2609021760,123456@Aa
SID2609021763,123456@Aa
SID2609021871,123456@Aa
SID2609021765,123456@Aa
SID2609021769,123456@Aa
SID2609021874,123456@Aa
SID2609021326,123456@Aa
SID2609021772,123456@Aa
SID2609021775,123456@Aa
SID2609021330,123456@Aa
SID2609021779,123456@Aa
SID2609021782,123456@Aa
SID2609021332,123456@Aa
SID2609021784,123456@Aa
SID2609021787,123456@Aa
SID2609021792,123456@Aa
SID2609021796,123456@Aa
SID2609021799,123456@Aa
SID2609021801,123456@Aa
SID2609021877,123456@Aa
SID2609021335,123456@Aa
SID2609021804,123456@Aa
SID2609021807,123456@Aa
SID2609021338,123456@Aa
SID2609021812,123456@Aa
SID2609021815,123456@Aa
SID2609021818,123456@Aa
SID2609021880,123456@Aa
SID2609021883,123456@Aa
SID2609021887,123456@Aa
SID2609021890,123456@Aa
SID2609021892,123456@Aa
SID2609021340,123456@Aa
SID2609021895,123456@Aa
SID2609021343,123456@Aa
SID2609021347,123456@Aa
SID2609021821,123456@Aa
SID2609021352,123456@Aa
SID2609021824,123456@Aa
SID2609021355,123456@Aa
SID2609021827,123456@Aa
SID2609021358,123456@Aa
SID2609021830,123456@Aa
SID2609021833,123456@Aa
SID2609021361,123456@Aa
SID2609021899,123456@Aa
SID2609021901,123456@Aa
SID2609021835,123456@Aa
SID2609021839,123456@Aa
SID2609021843,123456@Aa
SID2609021364,123456@Aa
SID2609021904,123456@Aa
SID2609021366,123456@Aa
SID2609021846,123456@Aa
SID2609021907,123456@Aa
SID2609021369,123456@Aa
SID2609021849,123456@Aa
SID2609021911,123456@Aa
SID2609021372,123456@Aa
SID2609021915,123456@Aa
SID2609021375,123456@Aa
SID2609021918,123456@Aa
SID2609021854,123456@Aa
SID2609021919,123456@Aa
SID2609021857,123456@Aa
SID2609021922,123456@Aa
SID2609021860,123456@Aa
SID2609021927,123456@Aa
SID2609021863,123456@Aa
SID2609021867,123456@Aa
SID2609021930,123456@Aa
SID2609021933,123456@Aa
SID2609021936,123456@Aa
SID2609021870,123456@Aa
SID2609021938,123456@Aa
SID2609021941,123456@Aa
SID2609021378,123456@Aa
SID2609021873,123456@Aa
SID2609021876,123456@Aa
SID2609021380,123456@Aa
SID2609021383,123456@Aa
SID2609021879,123456@Aa
SID2609021882,123456@Aa
SID2609021386,123456@Aa
SID2609021944,123456@Aa
SID2609021389,123456@Aa
SID2609021884,123456@Aa
SID2609021947,123456@Aa
SID2609021886,123456@Aa
SID2609021950,123456@Aa
SID2609021393,123456@Aa
SID2609021396,123456@Aa
SID2609021889,123456@Aa
SID2609021952,123456@Aa
SID2609021399,123456@Aa
SID2609021955,123456@Aa
SID2609021959,123456@Aa
SID2609021962,123456@Aa
SID2609021401,123456@Aa
SID2609021893,123456@Aa
SID2609021896,123456@Aa
SID2609021403,123456@Aa
SID2609021898,123456@Aa
SID2609021902,123456@Aa
SID2609021905,123456@Aa
SID2609021406,123456@Aa
SID2609021410,123456@Aa
SID2609021413,123456@Aa
SID2609021416,123456@Aa
SID2609021908,123456@Aa
SID2609021419,123456@Aa
SID2609021912,123456@Aa
SID2609021914,123456@Aa
SID2609021965,123456@Aa
SID2609021916,123456@Aa
SID2609021969,123456@Aa
SID2609021973,123456@Aa
SID2609021921,123456@Aa
SID2609021975,123456@Aa
SID2609021420,123456@Aa
SID2609021924,123456@Aa
SID2609021424,123456@Aa
SID2609021925,123456@Aa
SID2609021426,123456@Aa
SID2609021979,123456@Aa
SID2609021429,123456@Aa
SID2609021929,123456@Aa
SID2609021432,123456@Aa
SID2609021435,123456@Aa
SID2609021932,123456@Aa
SID2609021934,123456@Aa
SID2609021982,123456@Aa
SID2609021937,123456@Aa
SID2609021940,123456@Aa
SID2609021943,123456@Aa
SID2609021438,123456@Aa
SID2609021441,123456@Aa
SID2609021984,123456@Aa
SID2609021444,123456@Aa
SID2609021447,123456@Aa
SID2609021988,123456@Aa
SID2609021450,123456@Aa
SID2609021946,123456@Aa
SID2609021949,123456@Aa
SID2609021953,123456@Aa
SID2609021991,123456@Aa
SID2609021453,123456@Aa
SID2609021456,123456@Aa
SID2609021956,123456@Aa
SID2609021459,123456@Aa
SID2609021462,123456@Aa
SID2609021465,123456@Aa
SID2609021994,123456@Aa
SID2609021957,123456@Aa
SID2609021998,123456@Aa
SID2609021961,123456@Aa
SID2609022000,123456@Aa
SID2609021964,123456@Aa
SID2609022004,123456@Aa
SID2609022008,123456@Aa
SID2609021468,123456@Aa
SID2609021471,123456@Aa
SID2609021967,123456@Aa
SID2609021970,123456@Aa
SID2609021474,123456@Aa
SID2609021972,123456@Aa
SID2609022009,123456@Aa
SID2609021976,123456@Aa
SID2609021978,123456@Aa
SID2609021981,123456@Aa
SID2609021477,123456@Aa
SID2609022013,123456@Aa
SID2609022017,123456@Aa
SID2609022020,123456@Aa
SID2609021986,123456@Aa
SID2609022022,123456@Aa
SID2609021480,123456@Aa
SID2609021482,123456@Aa
SID2609021485,123456@Aa
SID2609021488,123456@Aa
SID2609021989,123456@Aa
SID2609021992,123456@Aa
SID2609021491,123456@Aa
SID2609022026,123456@Aa
SID2609021493,123456@Aa
SID2609021995,123456@Aa
SID2609022028,123456@Aa
SID2609022032,123456@Aa
SID2609022035,123456@Aa
SID2609021496,123456@Aa
SID2609021997,123456@Aa
SID2609022039,123456@Aa
SID2609022042,123456@Aa
SID2609021499,123456@Aa
SID2609022045,123456@Aa
SID2609022048,123456@Aa
SID2609022051,123456@Aa
SID2609021502,123456@Aa
SID2609022002,123456@Aa
SID2609021505,123456@Aa
SID2609021508,123456@Aa
SID2609021511,123456@Aa
SID2609022054,123456@Aa
SID2609022057,123456@Aa
SID2609021514,123456@Aa
SID2609022060,123456@Aa
SID2609022003,123456@Aa
SID2609022006,123456@Aa
SID2609022064,123456@Aa
SID2609021517,123456@Aa
SID2609021520,123456@Aa
SID2609022011,123456@Aa
SID2609021523,123456@Aa
SID2609022014,123456@Aa
SID2609022067,123456@Aa
SID2609022070,123456@Aa
SID2609022074,123456@Aa
SID2609021526,123456@Aa
SID2609021529,123456@Aa
SID2609022077,123456@Aa
SID2609022080,123456@Aa
SID2609022016,123456@Aa
SID2609022083,123456@Aa
SID2609021532,123456@Aa
SID2609022086,123456@Aa
SID2609022089,123456@Aa
SID2609022019,123456@Aa
SID2609022023,123456@Aa
SID2609021535,123456@Aa
SID2609022091,123456@Aa
SID2609022027,123456@Aa
SID2609022094,123456@Aa
SID2609022096,123456@Aa
SID2609022030,123456@Aa
SID2609022099,123456@Aa
SID2609022033,123456@Aa
SID2609022102,123456@Aa
SID2609022036,123456@Aa
SID2609022038,123456@Aa
SID2609022040,123456@Aa
SID2609022043,123456@Aa
SID2609022047,123456@Aa
SID2609022106,123456@Aa
SID2609022108,123456@Aa
SID2609021538,123456@Aa
SID2609022110,123456@Aa
SID2609022113,123456@Aa
SID2609022116,123456@Aa
SID2609022119,123456@Aa
SID2609022122,123456@Aa
SID2609021541,123456@Aa
SID2609022125,123456@Aa
SID2609022050,123456@Aa
SID2609022053,123456@Aa
SID2609022126,123456@Aa
SID2609022056,123456@Aa
SID2609022058,123456@Aa
SID2609022061,123456@Aa
SID2609021544,123456@Aa
SID2609021547,123456@Aa
SID2609021550,123456@Aa
SID2609022063,123456@Aa
SID2609022130,123456@Aa
SID2609022133,123456@Aa
SID2609022137,123456@Aa
SID2609022066,123456@Aa
SID2609022069,123456@Aa
SID2609022072,123456@Aa
SID2609022140,123456@Aa
SID2609021553,123456@Aa
SID2609022143,123456@Aa
SID2609022146,123456@Aa
SID2609022149,123456@Aa
SID2609022152,123456@Aa
SID2609022075,123456@Aa
SID2609022078,123456@Aa
SID2609022155,123456@Aa
SID2609021556,123456@Aa
SID2609021559,123456@Aa
SID2609022158,123456@Aa
SID2609022160,123456@Aa
SID2609022082,123456@Aa
SID2609021560,123456@Aa
SID2609022085,123456@Aa
SID2609022087,123456@Aa
SID2609022090,123456@Aa
SID2609022093,123456@Aa
SID2609022097,123456@Aa
SID2609021565,123456@Aa
SID2609022164,123456@Aa
SID2609022101,123456@Aa
SID2609022104,123456@Aa
SID2609021567,123456@Aa
SID2609021571,123456@Aa
SID2609022107,123456@Aa
SID2609021575,123456@Aa
SID2609022111,123456@Aa
SID2609022166,123456@Aa
SID2609022115,123456@Aa
SID2609022118,123456@Aa
SID2609022121,123456@Aa
SID2609021577,123456@Aa
SID2609022168,123456@Aa
SID2609022124,123456@Aa
SID2609022171,123456@Aa
SID2609021579,123456@Aa
SID2609022174,123456@Aa
SID2609022128,123456@Aa
SID2609021582,123456@Aa
SID2609021585,123456@Aa
SID2609022131,123456@Aa
SID2609022177,123456@Aa
SID2609021588,123456@Aa
SID2609021591,123456@Aa
SID2609021594,123456@Aa
SID2609022134,123456@Aa
SID2609021596,123456@Aa
SID2609022136,123456@Aa
SID2609021599,123456@Aa
SID2609022180,123456@Aa
SID2609022139,123456@Aa
SID2609021603,123456@Aa
SID2609021606,123456@Aa
SID2609021608,123456@Aa
SID2609021611,123456@Aa
SID2609021614,123456@Aa
SID2609022142,123456@Aa
SID2609022183,123456@Aa
SID2609022186,123456@Aa
SID2609022145,123456@Aa
SID2609021617,123456@Aa
SID2609022147,123456@Aa
SID2609022150,123456@Aa
SID2609022189,123456@Aa
SID2609022193,123456@Aa
SID2609021620,123456@Aa
SID2609022153,123456@Aa
SID2609022156,123456@Aa
SID2609021623,123456@Aa
SID2609022196,123456@Aa
SID2609021626,123456@Aa
SID2609021628,123456@Aa
SID2609022199,123456@Aa
SID2609021632,123456@Aa
SID2609022161,123456@Aa
SID2609021635,123456@Aa
SID2609021636,123456@Aa
SID2609022163,123456@Aa
SID2609022167,123456@Aa
SID2609022202,123456@Aa
SID2609022169,123456@Aa
SID2609021639,123456@Aa
SID2609022172,123456@Aa
SID2609022176,123456@Aa
SID2609022205,123456@Aa
SID2609022179,123456@Aa
SID2609022181,123456@Aa
SID2609021642,123456@Aa
SID2609021645,123456@Aa
SID2609021648,123456@Aa
SID2609021651,123456@Aa
SID2609021654,123456@Aa
SID2609021657,123456@Aa
SID2609022184,123456@Aa
SID2609021659,123456@Aa
SID2609021663,123456@Aa
SID2609022188,123456@Aa
SID2609021666,123456@Aa
SID2609022191,123456@Aa
SID2609021669,123456@Aa
SID2609021672,123456@Aa
SID2609022208,123456@Aa
SID2609022194,123456@Aa
SID2609022211,123456@Aa
SID2609021675,123456@Aa
SID2609022214,123456@Aa
SID2609021678,123456@Aa
SID2609022218,123456@Aa
SID2609021681,123456@Aa
SID2609022222,123456@Aa
SID2609022197,123456@Aa
SID2609021683,123456@Aa
SID2609022200,123456@Aa
SID2609022225,123456@Aa
SID2609022229,123456@Aa
SID2609022232,123456@Aa
SID2609022235,123456@Aa
SID2609022203,123456@Aa
SID2609022206,123456@Aa
SID2609022209,123456@Aa
SID2609021686,123456@Aa
SID2609022238,123456@Aa
SID2609021688,123456@Aa
SID2609021691,123456@Aa
SID2609022241,123456@Aa
SID2609022212,123456@Aa
SID2609022215,123456@Aa
SID2609021694,123456@Aa
SID2609022219,123456@Aa
SID2609022244,123456@Aa
SID2609022247,123456@Aa
SID2609021698,123456@Aa
SID2609022221,123456@Aa
SID2609022250,123456@Aa
SID2609022253,123456@Aa
SID2609022224,123456@Aa
SID2609021701,123456@Aa
SID2609021704,123456@Aa
SID2609022227,123456@Aa
SID2609021707,123456@Aa
SID2609021710,123456@Aa
SID2609021712,123456@Aa
SID2609021714,123456@Aa
SID2609022256,123456@Aa
SID2609022259,123456@Aa
SID2609022262,123456@Aa
SID2609022231,123456@Aa
SID2609022234,123456@Aa
SID2609021717,123456@Aa
SID2609022236,123456@Aa
SID2609022264,123456@Aa
SID2609021720,123456@Aa
SID2609022267,123456@Aa
SID2609022239,123456@Aa
SID2609021723,123456@Aa
SID2609022270,123456@Aa
SID2609021726,123456@Aa
SID2609022242,123456@Aa
SID2609022272,123456@Aa
SID2609021729,123456@Aa
SID2609022245,123456@Aa
SID2609022275,123456@Aa
SID2609022278,123456@Aa
SID2609022281,123456@Aa
SID2609021733,123456@Aa
SID2609022248,123456@Aa
SID2609021737,123456@Aa
SID2609022251,123456@Aa
SID2609021739,123456@Aa
SID2609021742,123456@Aa
SID2609021746,123456@Aa
SID2609022254,123456@Aa
SID2609022257,123456@Aa
SID2609022284,123456@Aa
SID2609021749,123456@Aa
SID2609021752,123456@Aa
SID2609022287,123456@Aa
SID2609022260,123456@Aa
SID2609022263,123456@Aa
SID2609022290,123456@Aa
SID2609022265,123456@Aa
SID2609021755,123456@Aa
SID2609022269,123456@Aa
SID2609021758,123456@Aa
SID2609022273,123456@Aa
SID2609022276,123456@Aa
SID2609022279,123456@Aa
SID2609022282,123456@Aa
SID2609022293,123456@Aa
SID2609022285,123456@Aa
SID2609022296,123456@Aa
SID2609021761,123456@Aa
SID2609022299,123456@Aa
SID2609022289,123456@Aa
SID2609022302,123456@Aa
SID2609022291,123456@Aa
SID2609022295,123456@Aa
SID2609022305,123456@Aa
SID2609022308,123456@Aa
SID2609022298,123456@Aa
SID2609021764,123456@Aa
SID2609022301,123456@Aa
SID2609022311,123456@Aa
SID2609022304,123456@Aa
SID2609021767,123456@Aa
SID2609022315,123456@Aa
SID2609021770,123456@Aa
SID2609022318,123456@Aa
SID2609022321,123456@Aa
SID2609022307,123456@Aa
SID2609021773,123456@Aa
SID2609021776,123456@Aa
SID2609021777,123456@Aa
SID2609022310,123456@Aa
SID2609022313,123456@Aa
SID2609022324,123456@Aa
SID2609021780,123456@Aa
SID2609021783,123456@Aa
SID2609021786,123456@Aa
SID2609021788,123456@Aa
SID2609021790,123456@Aa
SID2609022317,123456@Aa
SID2609022327,123456@Aa
SID2609022331,123456@Aa
SID2609021793,123456@Aa
SID2609022334,123456@Aa
SID2609022320,123456@Aa
SID2609022336,123456@Aa
SID2609022338,123456@Aa
SID2609022341,123456@Aa
SID2609022344,123456@Aa
SID2609022323,123456@Aa
SID2609021795,123456@Aa
SID2609022326,123456@Aa
SID2609022329,123456@Aa
SID2609022347,123456@Aa
SID2609022332,123456@Aa
SID2609022335,123456@Aa
SID2609021797,123456@Aa
SID2609022350,123456@Aa
SID2609022339,123456@Aa
SID2609022342,123456@Aa
SID2609021800,123456@Aa
SID2609021803,123456@Aa
SID2609022345,123456@Aa
SID2609022354,123456@Aa
SID2609022357,123456@Aa
SID2609022349,123456@Aa
SID2609022352,123456@Aa
SID2609021806,123456@Aa
SID2609021809,123456@Aa
SID2609022355,123456@Aa
SID2609022361,123456@Aa
SID2609021810,123456@Aa
SID2609021813,123456@Aa
SID2609022364,123456@Aa
SID2609022367,123456@Aa
SID2609021816,123456@Aa
SID2609022358,123456@Aa
SID2609022370,123456@Aa
SID2609022360,123456@Aa
SID2609021819,123456@Aa
SID2609021822,123456@Aa
SID2609022363,123456@Aa
SID2609022366,123456@Aa
SID2609021825,123456@Aa
SID2609022369,123456@Aa
SID2609021828,123456@Aa
SID2609022372,123456@Aa
SID2609022374,123456@Aa
SID2609022377,123456@Aa
SID2609022373,123456@Aa
SID2609021831,123456@Aa
SID2609022376,123456@Aa
SID2609022379,123456@Aa
SID2609021834,123456@Aa
SID2609021837,123456@Aa
SID2609022380,123456@Aa
SID2609021840,123456@Aa
SID2609022383,123456@Aa
SID2609022386,123456@Aa
SID2609022389,123456@Aa
SID2609022392,123456@Aa
SID2609022382,123456@Aa
SID2609021842,123456@Aa
SID2609021845,123456@Aa
SID2609022385,123456@Aa
SID2609022388,123456@Aa
SID2609022396,123456@Aa
SID2609022391,123456@Aa
SID2609022398,123456@Aa
SID2609021848,123456@Aa
SID2609021851,123456@Aa
SID2609022401,123456@Aa
SID2609021853,123456@Aa
SID2609022394,123456@Aa
SID2609022405,123456@Aa
SID2609021856,123456@Aa
SID2609022397,123456@Aa
SID2609022400,123456@Aa
SID2609022402,123456@Aa
SID2609022404,123456@Aa
SID2609021858,123456@Aa
SID2609021861,123456@Aa
SID2609022407,123456@Aa
SID2609022411,123456@Aa
SID2609021864,123456@Aa
SID2609021866,123456@Aa
SID2609022414,123456@Aa
SID2609022417,123456@Aa
SID2609022420,123456@Aa
SID2609022408,123456@Aa
SID2609022424,123456@Aa
SID2609021869,123456@Aa
SID2609022410,123456@Aa
SID2609022426,123456@Aa
SID2609022412,123456@Aa
SID2609022416,123456@Aa
SID2609022419,123456@Aa
SID2609022431,123456@Aa
SID2609022422,123456@Aa
SID2609022434,123456@Aa
SID2609022436,123456@Aa
SID2609022425,123456@Aa
SID2609021872,123456@Aa
SID2609022439,123456@Aa
SID2609021875,123456@Aa
SID2609021878,123456@Aa
SID2609021881,123456@Aa
SID2609022442,123456@Aa
SID2609021885,123456@Aa
SID2609021888,123456@Aa
SID2609021891,123456@Aa
SID2609021894,123456@Aa
SID2609022445,123456@Aa
SID2609021897,123456@Aa
SID2609022448,123456@Aa
SID2609021900,123456@Aa
SID2609022428,123456@Aa
SID2609022430,123456@Aa
SID2609021903,123456@Aa
SID2609021906,123456@Aa
SID2609021909,123456@Aa
SID2609022433,123456@Aa
SID2609022437,123456@Aa
SID2609022452,123456@Aa
SID2609021910,123456@Aa
SID2609022455,123456@Aa
SID2609022440,123456@Aa
SID2609022457,123456@Aa
SID2609022443,123456@Aa
SID2609022446,123456@Aa
SID2609021913,123456@Aa
SID2609022449,123456@Aa
SID2609021917,123456@Aa
SID2609021920,123456@Aa
SID2609021923,123456@Aa
SID2609022460,123456@Aa
SID2609021926,123456@Aa
SID2609022462,123456@Aa
SID2609022465,123456@Aa
SID2609022451,123456@Aa
SID2609022468,123456@Aa
SID2609021928,123456@Aa
SID2609021931,123456@Aa
SID2609021935,123456@Aa
SID2609022454,123456@Aa
SID2609022471,123456@Aa
SID2609022458,123456@Aa
SID2609022474,123456@Aa
SID2609022461,123456@Aa
SID2609021939,123456@Aa
SID2609022464,123456@Aa
SID2609022476,123456@Aa
SID2609022479,123456@Aa
SID2609021942,123456@Aa
SID2609022483,123456@Aa
SID2609022467,123456@Aa
SID2609022486,123456@Aa
SID2609022489,123456@Aa
SID2609021945,123456@Aa
SID2609021948,123456@Aa
SID2609022469,123456@Aa
SID2609021951,123456@Aa
SID2609022494,123456@Aa
SID2609022472,123456@Aa
SID2609022475,123456@Aa
SID2609022497,123456@Aa
SID2609021954,123456@Aa
SID2609022478,123456@Aa
SID2609021958,123456@Aa
SID2609022481,123456@Aa
SID2609022485,123456@Aa
SID2609022500,123456@Aa
SID2609021960,123456@Aa
SID2609021963,123456@Aa
SID2609022503,123456@Aa
SID2609022488,123456@Aa
SID2609021966,123456@Aa
SID2609022506,123456@Aa
SID2609021968,123456@Aa
SID2609022490,123456@Aa
SID2609022509,123456@Aa
SID2609021971,123456@Aa
SID2609021974,123456@Aa
SID2609021977,123456@Aa
SID2609021980,123456@Aa
SID2609022512,123456@Aa
SID2609022515,123456@Aa
SID2609021983,123456@Aa
SID2609022492,123456@Aa
SID2609021985,123456@Aa
SID2609022518,123456@Aa
SID2609021987,123456@Aa
SID2609021990,123456@Aa
SID2609021993,123456@Aa
SID2609022521,123456@Aa
SID2609022524,123456@Aa
SID2609021996,123456@Aa
SID2609021999,123456@Aa
SID2609022495,123456@Aa
SID2609022526,123456@Aa
SID2609022001,123456@Aa
SID2609022005,123456@Aa
SID2609022529,123456@Aa
SID2609022532,123456@Aa
SID2609022534,123456@Aa
SID2609022499,123456@Aa
SID2609022537,123456@Aa
SID2609022502,123456@Aa
SID2609022540,123456@Aa
SID2609022007,123456@Aa
SID2609022010,123456@Aa
SID2609022012,123456@Aa
SID2609022015,123456@Aa
SID2609022542,123456@Aa
SID2609022505,123456@Aa
SID2609022018,123456@Aa
SID2609022021,123456@Aa
SID2609022546,123456@Aa
SID2609022024,123456@Aa
SID2609022508,123456@Aa
SID2609022025,123456@Aa
SID2609022548,123456@Aa
SID2609022511,123456@Aa
SID2609022514,123456@Aa
SID2609022551,123456@Aa
SID2609022555,123456@Aa
SID2609022517,123456@Aa
SID2609022520,123456@Aa
SID2609022029,123456@Aa
SID2609022557,123456@Aa
SID2609022559,123456@Aa
SID2609022562,123456@Aa
SID2609022565,123456@Aa
SID2609022031,123456@Aa
SID2609022034,123456@Aa
SID2609022037,123456@Aa
SID2609022523,123456@Aa
SID2609022527,123456@Aa
SID2609022530,123456@Aa
SID2609022568,123456@Aa
SID2609022041,123456@Aa
SID2609022044,123456@Aa
SID2609022533,123456@Aa
SID2609022536,123456@Aa
SID2609022539,123456@Aa
SID2609022046,123456@Aa
SID2609022571,123456@Aa
SID2609022049,123456@Aa
SID2609022543,123456@Aa
SID2609022545,123456@Aa
SID2609022547,123456@Aa
SID2609022575,123456@Aa
SID2609022052,123456@Aa
SID2609022055,123456@Aa
SID2609022059,123456@Aa
SID2609022577,123456@Aa
SID2609022582,123456@Aa
SID2609022584,123456@Aa
SID2609022062,123456@Aa
SID2609022588,123456@Aa
SID2609022550,123456@Aa
SID2609022591,123456@Aa
SID2609022065,123456@Aa
SID2609022068,123456@Aa
SID2609022071,123456@Aa
SID2609022594,123456@Aa
SID2609022553,123456@Aa
SID2609022558,123456@Aa
SID2609022597,123456@Aa
SID2609022600,123456@Aa
SID2609022603,123456@Aa
SID2609022560,123456@Aa
SID2609022563,123456@Aa
SID2609022073,123456@Aa
SID2609022567,123456@Aa
SID2609022570,123456@Aa
SID2609022606,123456@Aa
SID2609022609,123456@Aa
SID2609022573,123456@Aa
SID2609022612,123456@Aa
SID2609022576,123456@Aa
SID2609022578,123456@Aa
SID2609022076,123456@Aa
SID2609022580,123456@Aa
SID2609022617,123456@Aa
SID2609022620,123456@Aa
SID2609022079,123456@Aa
SID2609022583,123456@Aa
SID2609022622,123456@Aa
SID2609022586,123456@Aa
SID2609022081,123456@Aa
SID2609022084,123456@Aa
SID2609022589,123456@Aa
SID2609022625,123456@Aa
SID2609022628,123456@Aa
SID2609022592,123456@Aa
SID2609022088,123456@Aa
SID2609022595,123456@Aa
SID2609022092,123456@Aa
SID2609022095,123456@Aa
SID2609022598,123456@Aa
SID2609022098,123456@Aa
SID2609022602,123456@Aa
SID2609022630,123456@Aa
SID2609022100,123456@Aa
SID2609022605,123456@Aa
SID2609022634,123456@Aa
SID2609022607,123456@Aa
SID2609022637,123456@Aa
SID2609022611,123456@Aa
SID2609022614,123456@Aa
SID2609022103,123456@Aa
SID2609022641,123456@Aa
SID2609022105,123456@Aa
SID2609022109,123456@Aa
SID2609022112,123456@Aa
SID2609022644,123456@Aa
SID2609022616,123456@Aa
SID2609022618,123456@Aa
SID2609022114,123456@Aa
SID2609022117,123456@Aa
SID2609022646,123456@Aa
SID2609022648,123456@Aa
SID2609022621,123456@Aa
SID2609022651,123456@Aa
SID2609022655,123456@Aa
SID2609022120,123456@Aa
SID2609022624,123456@Aa
SID2609022627,123456@Aa
SID2609022123,123456@Aa
SID2609022127,123456@Aa
SID2609022129,123456@Aa
SID2609022659,123456@Aa
SID2609022631,123456@Aa
SID2609022132,123456@Aa
SID2609022633,123456@Aa
SID2609022636,123456@Aa
SID2609022639,123456@Aa
SID2609022642,123456@Aa
SID2609022663,123456@Aa
SID2609022666,123456@Aa
SID2609022669,123456@Aa
SID2609022671,123456@Aa
SID2609022135,123456@Aa
SID2609022138,123456@Aa
SID2609022675,123456@Aa
SID2609022141,123456@Aa
SID2609022647,123456@Aa
SID2609022676,123456@Aa
SID2609022649,123456@Aa
SID2609022681,123456@Aa
SID2609022652,123456@Aa
SID2609022684,123456@Aa
SID2609022687,123456@Aa
SID2609022691,123456@Aa
SID2609022144,123456@Aa
SID2609022148,123456@Aa
SID2609022656,123456@Aa
SID2609022151,123456@Aa
SID2609022154,123456@Aa
SID2609022694,123456@Aa
SID2609022697,123456@Aa
SID2609022700,123456@Aa
SID2609022157,123456@Aa
SID2609022703,123456@Aa
SID2609022658,123456@Aa
SID2609022159,123456@Aa
SID2609022661,123456@Aa
SID2609022664,123456@Aa
SID2609022162,123456@Aa
SID2609022667,123456@Aa
SID2609022706,123456@Aa
SID2609022165,123456@Aa
SID2609022672,123456@Aa
SID2609022711,123456@Aa
SID2609022713,123456@Aa
SID2609022716,123456@Aa
SID2609022719,123456@Aa
SID2609022722,123456@Aa
SID2609022725,123456@Aa
SID2609022674,123456@Aa
SID2609022170,123456@Aa
SID2609022728,123456@Aa
SID2609022731,123456@Aa
SID2609022677,123456@Aa
SID2609022679,123456@Aa
SID2609022682,123456@Aa
SID2609022685,123456@Aa
SID2609022734,123456@Aa
SID2609022737,123456@Aa
SID2609022689,123456@Aa
SID2609022692,123456@Aa
SID2609022173,123456@Aa
SID2609022740,123456@Aa
SID2609022744,123456@Aa
SID2609022175,123456@Aa
SID2609022178,123456@Aa
SID2609022695,123456@Aa
SID2609022699,123456@Aa
SID2609022702,123456@Aa
SID2609022705,123456@Aa
SID2609022182,123456@Aa
SID2609022747,123456@Aa
SID2609022750,123456@Aa
SID2609022753,123456@Aa
SID2609022708,123456@Aa
SID2609022756,123456@Aa
SID2609022759,123456@Aa
SID2609022185,123456@Aa
SID2609022762,123456@Aa
SID2609022765,123456@Aa
SID2609022768,123456@Aa
SID2609022187,123456@Aa
SID2609022771,123456@Aa
SID2609022190,123456@Aa
SID2609022709,123456@Aa
SID2609022192,123456@Aa
SID2609022712,123456@Aa
SID2609022775,123456@Aa
SID2609022778,123456@Aa
SID2609022715,123456@Aa
SID2609022195,123456@Aa
SID2609022780,123456@Aa
SID2609022718,123456@Aa
SID2609022721,123456@Aa
SID2609022198,123456@Aa
SID2609022724,123456@Aa
SID2609022201,123456@Aa
SID2609022204,123456@Aa
SID2609022207,123456@Aa
SID2609022210,123456@Aa
SID2609022727,123456@Aa
SID2609022213,123456@Aa
SID2609022730,123456@Aa
SID2609022783,123456@Aa
SID2609022733,123456@Aa
SID2609022216,123456@Aa
SID2609022786,123456@Aa
SID2609022217,123456@Aa
SID2609022220,123456@Aa
SID2609022736,123456@Aa
SID2609022789,123456@Aa
SID2609022792,123456@Aa
SID2609022739,123456@Aa
SID2609022742,123456@Aa
SID2609022795,123456@Aa
SID2609022223,123456@Aa
SID2609022226,123456@Aa
SID2609022798,123456@Aa
SID2609022228,123456@Aa
SID2609022745,123456@Aa
SID2609022230,123456@Aa
SID2609022233,123456@Aa
SID2609022237,123456@Aa
SID2609022748,123456@Aa
SID2609022240,123456@Aa
SID2609022751,123456@Aa
SID2609022754,123456@Aa
SID2609022757,123456@Aa
SID2609022760,123456@Aa
SID2609022763,123456@Aa
SID2609022766,123456@Aa
SID2609022801,123456@Aa
SID2609022769,123456@Aa
SID2609022243,123456@Aa
SID2609022246,123456@Aa
SID2609022773,123456@Aa
SID2609022249,123456@Aa
SID2609022252,123456@Aa
SID2609022255,123456@Aa
SID2609022776,123456@Aa
SID2609022804,123456@Aa
SID2609022779,123456@Aa
SID2609022782,123456@Aa
SID2609022258,123456@Aa
SID2609022807,123456@Aa
SID2609022784,123456@Aa
SID2609022788,123456@Aa
SID2609022811,123456@Aa
SID2609022814,123456@Aa
SID2609022261,123456@Aa
SID2609022791,123456@Aa
SID2609022266,123456@Aa
SID2609022794,123456@Aa
SID2609022268,123456@Aa
SID2609022817,123456@Aa
SID2609022271,123456@Aa
SID2609022820,123456@Aa
SID2609022823,123456@Aa
SID2609022797,123456@Aa
SID2609022827,123456@Aa
SID2609022830,123456@Aa
SID2609022832,123456@Aa
SID2609022274,123456@Aa
SID2609022800,123456@Aa
SID2609022835,123456@Aa
SID2609022277,123456@Aa
SID2609022280,123456@Aa
SID2609022283,123456@Aa
SID2609022802,123456@Aa
SID2609022286,123456@Aa
SID2609022839,123456@Aa
SID2609022805,123456@Aa
SID2609022841,123456@Aa
SID2609022808,123456@Aa
SID2609022288,123456@Aa
SID2609022810,123456@Aa
SID2609022292,123456@Aa
SID2609022294,123456@Aa
SID2609022813,123456@Aa
SID2609022816,123456@Aa
SID2609022845,123456@Aa
SID2609022819,123456@Aa
SID2609022297,123456@Aa
SID2609022848,123456@Aa
SID2609022300,123456@Aa
SID2609022822,123456@Aa
SID2609022303,123456@Aa
SID2609022850,123456@Aa
SID2609022306,123456@Aa
SID2609022309,123456@Aa
SID2609022853,123456@Aa
SID2609022312,123456@Aa
SID2609022314,123456@Aa
SID2609022825,123456@Aa
SID2609022856,123456@Aa
SID2609022859,123456@Aa
SID2609022316,123456@Aa
SID2609022862,123456@Aa
SID2609022865,123456@Aa
SID2609022319,123456@Aa
SID2609022867,123456@Aa
SID2609022828,123456@Aa
SID2609022871,123456@Aa
SID2609022831,123456@Aa
SID2609022834,123456@Aa
SID2609022837,123456@Aa
SID2609022874,123456@Aa
SID2609022877,123456@Aa
SID2609022881,123456@Aa
SID2609022840,123456@Aa
SID2609022322,123456@Aa
SID2609022884,123456@Aa
SID2609022843,123456@Aa
SID2609022325,123456@Aa
SID2609022888,123456@Aa
SID2609022890,123456@Aa
SID2609022328,123456@Aa
SID2609022330,123456@Aa
SID2609022893,123456@Aa
SID2609022333,123456@Aa
SID2609022337,123456@Aa
SID2609022846,123456@Aa
SID2609022849,123456@Aa
SID2609022896,123456@Aa
SID2609022340,123456@Aa
SID2609022343,123456@Aa
SID2609022346,123456@Aa
SID2609022852,123456@Aa
SID2609022348,123456@Aa
SID2609022855,123456@Aa
SID2609022858,123456@Aa
SID2609022351,123456@Aa
SID2609022861,123456@Aa
SID2609022898,123456@Aa
SID2609022864,123456@Aa
SID2609022868,123456@Aa
SID2609022353,123456@Aa
SID2609022901,123456@Aa
SID2609022870,123456@Aa
SID2609022904,123456@Aa
SID2609022356,123456@Aa
SID2609022359,123456@Aa
SID2609022907,123456@Aa
SID2609022362,123456@Aa
SID2609022910,123456@Aa
SID2609022913,123456@Aa
SID2609022916,123456@Aa
SID2609022918,123456@Aa
SID2609022873,123456@Aa
SID2609022876,123456@Aa
SID2609022365,123456@Aa
SID2609022368,123456@Aa
SID2609022921,123456@Aa
SID2609022371,123456@Aa
SID2609022879,123456@Aa
SID2609022375,123456@Aa
SID2609022378,123456@Aa
SID2609022924,123456@Aa
SID2609022927,123456@Aa
SID2609022930,123456@Aa
SID2609022932,123456@Aa
SID2609022882,123456@Aa
SID2609022381,123456@Aa
SID2609022934,123456@Aa
SID2609022936,123456@Aa
SID2609022384,123456@Aa
SID2609022387,123456@Aa
SID2609022939,123456@Aa
SID2609022390,123456@Aa
SID2609022886,123456@Aa
SID2609022393,123456@Aa
SID2609022887,123456@Aa
SID2609022943,123456@Aa
SID2609022395,123456@Aa
SID2609022946,123456@Aa
SID2609022949,123456@Aa
SID2609022399,123456@Aa
SID2609022952,123456@Aa
SID2609022403,123456@Aa
SID2609022956,123456@Aa
SID2609022406,123456@Aa
SID2609022891,123456@Aa
SID2609022894,123456@Aa
SID2609022409,123456@Aa
SID2609022413,123456@Aa
SID2609022897,123456@Aa
SID2609022900,123456@Aa
SID2609022415,123456@Aa
SID2609022959,123456@Aa
SID2609022418,123456@Aa
SID2609022962,123456@Aa
SID2609022964,123456@Aa
SID2609022421,123456@Aa
SID2609022967,123456@Aa
SID2609022423,123456@Aa
SID2609022970,123456@Aa
SID2609022973,123456@Aa
SID2609022427,123456@Aa
SID2609022429,123456@Aa
SID2609022432,123456@Aa
SID2609022977,123456@Aa
SID2609022980,123456@Aa
SID2609022982,123456@Aa
SID2609022985,123456@Aa
SID2609022989,123456@Aa
SID2609022435,123456@Aa
SID2609022992,123456@Aa
SID2609022903,123456@Aa
SID2609022438,123456@Aa
SID2609022906,123456@Aa
SID2609022441,123456@Aa
SID2609022909,123456@Aa
SID2609022912,123456@Aa
SID2609022444,123456@Aa
SID2609022995,123456@Aa
SID2609022447,123456@Aa
SID2609022450,123456@Aa
SID2609022915,123456@Aa
SID2609022453,123456@Aa
SID2609022919,123456@Aa
SID2609022922,123456@Aa
SID2609022456,123456@Aa
SID2609022459,123456@Aa
SID2609022997,123456@Aa
SID2609022925,123456@Aa
SID2609022463,123456@Aa
SID2609022928,123456@Aa
SID2609023000,123456@Aa
SID2609023003,123456@Aa
SID2609022466,123456@Aa
SID2609022470,123456@Aa
SID2609023006,123456@Aa
SID2609022473,123456@Aa
SID2609022477,123456@Aa
SID2609022931,123456@Aa
SID2609023009,123456@Aa
SID2609022935,123456@Aa
SID2609022938,123456@Aa
SID2609023012,123456@Aa
SID2609022480,123456@Aa
SID2609022482,123456@Aa
SID2609022941,123456@Aa
SID2609022484,123456@Aa
SID2609023015,123456@Aa
SID2609022487,123456@Aa
SID2609022944,123456@Aa
SID2609022947,123456@Aa
SID2609022491,123456@Aa
SID2609023019,123456@Aa
SID2609022951,123456@Aa
SID2609022493,123456@Aa
SID2609022496,123456@Aa
SID2609023022,123456@Aa
SID2609022498,123456@Aa
SID2609023025,123456@Aa
SID2609022954,123456@Aa
SID2609023028,123456@Aa
SID2609023031,123456@Aa
SID2609022958,123456@Aa
SID2609023034,123456@Aa
SID2609022960,123456@Aa
SID2609022501,123456@Aa
SID2609023037,123456@Aa
SID2609022504,123456@Aa
SID2609022507,123456@Aa
SID2609022510,123456@Aa
SID2609023040,123456@Aa
SID2609023043,123456@Aa
SID2609022963,123456@Aa
SID2609022966,123456@Aa
SID2609022969,123456@Aa
SID2609022974,123456@Aa
SID2609023047,123456@Aa
SID2609022513,123456@Aa
SID2609023050,123456@Aa
SID2609022516,123456@Aa
SID2609022519,123456@Aa
SID2609022976,123456@Aa
SID2609022979,123456@Aa
SID2609022522,123456@Aa
SID2609023053,123456@Aa
SID2609022983,123456@Aa
SID2609023056,123456@Aa
SID2609022525,123456@Aa
SID2609023059,123456@Aa
SID2609022528,123456@Aa
SID2609022987,123456@Aa
SID2609022531,123456@Aa
SID2609022990,123456@Aa
SID2609022993,123456@Aa
SID2609023062,123456@Aa
SID2609023066,123456@Aa
SID2609022996,123456@Aa
SID2609023068,123456@Aa
SID2609023071,123456@Aa
SID2609022998,123456@Aa
SID2609022535,123456@Aa
SID2609023075,123456@Aa
SID2609023078,123456@Aa
SID2609023001,123456@Aa
SID2609022538,123456@Aa
SID2609022541,123456@Aa
SID2609023004,123456@Aa
SID2609022544,123456@Aa
SID2609022549,123456@Aa
SID2609022552,123456@Aa
SID2609022554,123456@Aa
SID2609023082,123456@Aa
SID2609022556,123456@Aa
SID2609023007,123456@Aa
SID2609023086,123456@Aa
SID2609022561,123456@Aa
SID2609023089,123456@Aa
SID2609022564,123456@Aa
SID2609023010,123456@Aa
SID2609023013,123456@Aa
SID2609023016,123456@Aa
SID2609023018,123456@Aa
SID2609023093,123456@Aa
SID2609022566,123456@Aa
SID2609022569,123456@Aa
SID2609023021,123456@Aa
SID2609023096,123456@Aa
SID2609022572,123456@Aa
SID2609023099,123456@Aa
SID2609022574,123456@Aa
SID2609023102,123456@Aa
SID2609023024,123456@Aa
SID2609023105,123456@Aa
SID2609023109,123456@Aa
SID2609023027,123456@Aa
SID2609022579,123456@Aa
SID2609023030,123456@Aa
SID2609022581,123456@Aa
SID2609023033,123456@Aa
SID2609022585,123456@Aa
SID2609023112,123456@Aa
SID2609023036,123456@Aa
SID2609023115,123456@Aa
SID2609022587,123456@Aa
SID2609023039,123456@Aa
SID2609022590,123456@Aa
SID2609023042,123456@Aa
SID2609022593,123456@Aa
SID2609022596,123456@Aa
SID2609023119,123456@Aa
SID2609022599,123456@Aa
SID2609022601,123456@Aa
SID2609022604,123456@Aa
SID2609022608,123456@Aa
SID2609022610,123456@Aa
SID2609022613,123456@Aa
SID2609022615,123456@Aa
SID2609023122,123456@Aa
SID2609023045,123456@Aa
SID2609023125,123456@Aa
SID2609023128,123456@Aa
SID2609022619,123456@Aa
SID2609023131,123456@Aa
SID2609022623,123456@Aa
SID2609023134,123456@Aa
SID2609023137,123456@Aa
SID2609022626,123456@Aa
SID2609022629,123456@Aa
SID2609023140,123456@Aa
SID2609023143,123456@Aa
SID2609023049,123456@Aa
SID2609023146,123456@Aa
SID2609023052,123456@Aa
SID2609023054,123456@Aa
SID2609023057,123456@Aa
SID2609022632,123456@Aa
SID2609023149,123456@Aa
SID2609022635,123456@Aa
SID2609023060,123456@Aa
SID2609023153,123456@Aa
SID2609022638,123456@Aa
SID2609023156,123456@Aa
SID2609023159,123456@Aa
SID2609023162,123456@Aa
SID2609023063,123456@Aa
SID2609023165,123456@Aa
SID2609023169,123456@Aa
SID2609023065,123456@Aa
SID2609023069,123456@Aa
SID2609023172,123456@Aa
SID2609022640,123456@Aa
SID2609023175,123456@Aa
SID2609023073,123456@Aa
SID2609023178,123456@Aa
SID2609023076,123456@Aa
SID2609023182,123456@Aa
SID2609023185,123456@Aa
SID2609023079,123456@Aa
SID2609022643,123456@Aa
SID2609022645,123456@Aa
SID2609022650,123456@Aa
SID2609022653,123456@Aa
SID2609023187,123456@Aa
SID2609022654,123456@Aa
SID2609022657,123456@Aa
SID2609023189,123456@Aa
SID2609022660,123456@Aa
SID2609022662,123456@Aa
SID2609022665,123456@Aa
SID2609023081,123456@Aa
SID2609023084,123456@Aa
SID2609022668,123456@Aa
SID2609022670,123456@Aa
SID2609023192,123456@Aa
SID2609023195,123456@Aa
SID2609023198,123456@Aa
SID2609023087,123456@Aa
SID2609023090,123456@Aa
SID2609023092,123456@Aa
SID2609022673,123456@Aa
SID2609023201,123456@Aa
SID2609023095,123456@Aa
SID2609023204,123456@Aa
SID2609023098,123456@Aa
SID2609023101,123456@Aa
SID2609022678,123456@Aa
SID2609023104,123456@Aa
SID2609023207,123456@Aa
SID2609022680,123456@Aa
SID2609023210,123456@Aa
SID2609023107,123456@Aa
SID2609023110,123456@Aa
SID2609023213,123456@Aa
SID2609023114,123456@Aa
SID2609022683,123456@Aa
SID2609023117,123456@Aa
SID2609023216,123456@Aa
SID2609023218,123456@Aa
SID2609022686,123456@Aa
SID2609023120,123456@Aa
SID2609023123,123456@Aa
SID2609023221,123456@Aa
SID2609022688,123456@Aa
SID2609022690,123456@Aa
SID2609023126,123456@Aa
SID2609022693,123456@Aa
SID2609022696,123456@Aa
SID2609023129,123456@Aa
SID2609023225,123456@Aa
SID2609023227,123456@Aa
SID2609023231,123456@Aa
SID2609023132,123456@Aa
SID2609023234,123456@Aa
SID2609023135,123456@Aa
SID2609022698,123456@Aa
SID2609023139,123456@Aa
SID2609023142,123456@Aa
SID2609023145,123456@Aa
SID2609023237,123456@Aa
SID2609023148,123456@Aa
SID2609023240,123456@Aa
SID2609023151,123456@Aa
SID2609023243,123456@Aa
SID2609023154,123456@Aa
SID2609023157,123456@Aa
SID2609023245,123456@Aa
SID2609023160,123456@Aa
SID2609023248,123456@Aa
SID2609023163,123456@Aa
SID2609023166,123456@Aa
SID2609023251,123456@Aa
SID2609023255,123456@Aa
SID2609023168,123456@Aa
SID2609022701,123456@Aa
SID2609023257,123456@Aa
SID2609023171,123456@Aa
SID2609023174,123456@Aa
SID2609022704,123456@Aa
SID2609022707,123456@Aa
SID2609023260,123456@Aa
SID2609023177,123456@Aa
SID2609022710,123456@Aa
SID2609023180,123456@Aa
SID2609023184,123456@Aa
SID2609023263,123456@Aa
SID2609022714,123456@Aa
SID2609023266,123456@Aa
SID2609023269,123456@Aa
SID2609023188,123456@Aa
SID2609023190,123456@Aa
SID2609022717,123456@Aa
SID2609023194,123456@Aa
SID2609023272,123456@Aa
SID2609022720,123456@Aa
SID2609022723,123456@Aa
SID2609023196,123456@Aa
SID2609022726,123456@Aa
SID2609023200,123456@Aa
SID2609023275,123456@Aa
SID2609023278,123456@Aa
SID2609022729,123456@Aa
SID2609022732,123456@Aa
SID2609023203,123456@Aa
SID2609023282,123456@Aa
SID2609022735,123456@Aa
SID2609023284,123456@Aa
SID2609023206,123456@Aa
SID2609022738,123456@Aa
SID2609023209,123456@Aa
SID2609023286,123456@Aa
SID2609022741,123456@Aa
SID2609022743,123456@Aa
SID2609022746,123456@Aa
SID2609023289,123456@Aa
SID2609023292,123456@Aa
SID2609023295,123456@Aa
SID2609023212,123456@Aa
SID2609022749,123456@Aa
SID2609023215,123456@Aa
SID2609023298,123456@Aa
SID2609023301,123456@Aa
SID2609023219,123456@Aa
SID2609023222,123456@Aa
SID2609022752,123456@Aa
SID2609022755,123456@Aa
SID2609023224,123456@Aa
SID2609023304,123456@Aa
SID2609022758,123456@Aa
SID2609022761,123456@Aa
SID2609023226,123456@Aa
SID2609022764,123456@Aa
SID2609023307,123456@Aa
SID2609022767,123456@Aa
SID2609022770,123456@Aa
SID2609022772,123456@Aa
SID2609023310,123456@Aa
SID2609022774,123456@Aa
SID2609023230,123456@Aa
SID2609022777,123456@Aa
SID2609022781,123456@Aa
SID2609023313,123456@Aa
SID2609023233,123456@Aa
SID2609022785,123456@Aa
SID2609023236,123456@Aa
SID2609023316,123456@Aa
SID2609022787,123456@Aa
SID2609022790,123456@Aa
SID2609022793,123456@Aa
SID2609023319,123456@Aa
SID2609023322,123456@Aa
SID2609022796,123456@Aa
SID2609022799,123456@Aa
SID2609022803,123456@Aa
SID2609023325,123456@Aa
SID2609023328,123456@Aa
SID2609022806,123456@Aa
SID2609022809,123456@Aa
SID2609023331,123456@Aa
SID2609023239,123456@Aa
SID2609023242,123456@Aa
SID2609023246,123456@Aa
SID2609022812,123456@Aa
SID2609023249,123456@Aa
SID2609023252,123456@Aa
SID2609022815,123456@Aa
SID2609023254,123456@Aa
SID2609023334,123456@Aa
SID2609022818,123456@Aa
SID2609023336,123456@Aa
SID2609023339,123456@Aa
SID2609022821,123456@Aa
SID2609023258,123456@Aa
SID2609022824,123456@Aa
SID2609023342,123456@Aa
SID2609022826,123456@Aa
SID2609023346,123456@Aa
SID2609023350,123456@Aa
SID2609022829,123456@Aa
SID2609023262,123456@Aa
SID2609023352,123456@Aa
SID2609022833,123456@Aa
SID2609023355,123456@Aa
SID2609023358,123456@Aa
SID2609022836,123456@Aa
SID2609023362,123456@Aa
SID2609023264,123456@Aa
SID2609023267,123456@Aa
SID2609023271,123456@Aa
SID2609023365,123456@Aa
SID2609022838,123456@Aa
SID2609022842,123456@Aa
SID2609023366,123456@Aa
SID2609023274,123456@Aa
SID2609023369,123456@Aa
SID2609023277,123456@Aa
SID2609023280,123456@Aa
SID2609023283,123456@Aa
SID2609023372,123456@Aa
SID2609023375,123456@Aa
SID2609022844,123456@Aa
SID2609022847,123456@Aa
SID2609022851,123456@Aa
SID2609023378,123456@Aa
SID2609023287,123456@Aa
SID2609023290,123456@Aa
SID2609023293,123456@Aa
SID2609022854,123456@Aa
SID2609023296,123456@Aa
SID2609023300,123456@Aa
SID2609023303,123456@Aa
SID2609023381,123456@Aa
SID2609023305,123456@Aa
SID2609023384,123456@Aa
SID2609022857,123456@Aa
SID2609022860,123456@Aa
SID2609023309,123456@Aa
SID2609022863,123456@Aa
SID2609022866,123456@Aa
SID2609022869,123456@Aa
SID2609022872,123456@Aa
SID2609023311,123456@Aa
SID2609023314,123456@Aa
SID2609023386,123456@Aa
SID2609023317,123456@Aa
SID2609023390,123456@Aa
SID2609023320,123456@Aa
SID2609023392,123456@Aa
SID2609022875,123456@Aa
SID2609023394,123456@Aa
SID2609023323,123456@Aa
SID2609022878,123456@Aa
SID2609023397,123456@Aa
SID2609023327,123456@Aa
SID2609022880,123456@Aa
SID2609023330,123456@Aa
SID2609022883,123456@Aa
SID2609023333,123456@Aa
SID2609022885,123456@Aa
SID2609023337,123456@Aa
SID2609023401,123456@Aa
SID2609023341,123456@Aa
SID2609022889,123456@Aa
SID2609022892,123456@Aa
SID2609023404,123456@Aa
SID2609023408,123456@Aa
SID2609023411,123456@Aa
SID2609022895,123456@Aa
SID2609022899,123456@Aa
SID2609023344,123456@Aa
SID2609023347,123456@Aa
SID2609023414,123456@Aa
SID2609022902,123456@Aa
SID2609023417,123456@Aa
SID2609022905,123456@Aa
SID2609023420,123456@Aa
SID2609023423,123456@Aa
SID2609023348,123456@Aa
SID2609023353,123456@Aa
SID2609023356,123456@Aa
SID2609023426,123456@Aa
SID2609023359,123456@Aa
SID2609023429,123456@Aa
SID2609023361,123456@Aa
SID2609022908,123456@Aa
SID2609022911,123456@Aa
SID2609022914,123456@Aa
SID2609023434,123456@Aa
SID2609023437,123456@Aa
SID2609022917,123456@Aa
SID2609022920,123456@Aa
SID2609023364,123456@Aa
SID2609023368,123456@Aa
SID2609022923,123456@Aa
SID2609023371,123456@Aa
SID2609023441,123456@Aa
SID2609023444,123456@Aa
SID2609022926,123456@Aa
SID2609022929,123456@Aa
SID2609023447,123456@Aa
SID2609023450,123456@Aa
SID2609023374,123456@Aa
SID2609022933,123456@Aa
SID2609023453,123456@Aa
SID2609022937,123456@Aa
SID2609023377,123456@Aa
SID2609023380,123456@Aa
SID2609022940,123456@Aa
SID2609023456,123456@Aa
SID2609023459,123456@Aa
SID2609022942,123456@Aa
SID2609023383,123456@Aa
SID2609022945,123456@Aa
SID2609023387,123456@Aa
SID2609023389,123456@Aa
SID2609023393,123456@Aa
SID2609023396,123456@Aa
SID2609023463,123456@Aa
SID2609022948,123456@Aa
SID2609023466,123456@Aa
SID2609022950,123456@Aa
SID2609022953,123456@Aa
SID2609023469,123456@Aa
SID2609022955,123456@Aa
SID2609023399,123456@Aa
SID2609023400,123456@Aa
SID2609022957,123456@Aa
SID2609023403,123456@Aa
SID2609023407,123456@Aa
SID2609023472,123456@Aa
SID2609022961,123456@Aa
SID2609022965,123456@Aa
SID2609023409,123456@Aa
SID2609023475,123456@Aa
SID2609023479,123456@Aa
SID2609022968,123456@Aa
SID2609023412,123456@Aa
SID2609022971,123456@Aa
SID2609023415,123456@Aa
SID2609022972,123456@Aa
SID2609023483,123456@Aa
SID2609023485,123456@Aa
SID2609022975,123456@Aa
SID2609022978,123456@Aa
SID2609023418,123456@Aa
SID2609023488,123456@Aa
SID2609023492,123456@Aa
SID2609022981,123456@Aa
SID2609023495,123456@Aa
SID2609023422,123456@Aa
SID2609023497,123456@Aa
SID2609023500,123456@Aa
SID2609023425,123456@Aa
SID2609022984,123456@Aa
SID2609023503,123456@Aa
SID2609022986,123456@Aa
SID2609023428,123456@Aa
SID2609022988,123456@Aa
SID2609023431,123456@Aa
SID2609023433,123456@Aa
SID2609022991,123456@Aa
SID2609023506,123456@Aa
SID2609022994,123456@Aa
SID2609022999,123456@Aa
SID2609023002,123456@Aa
SID2609023509,123456@Aa
SID2609023005,123456@Aa
SID2609023513,123456@Aa
SID2609023008,123456@Aa
SID2609023515,123456@Aa
SID2609023436,123456@Aa
SID2609023439,123456@Aa
SID2609023442,123456@Aa
SID2609023445,123456@Aa
SID2609023011,123456@Aa
SID2609023448,123456@Aa
SID2609023451,123456@Aa
SID2609023454,123456@Aa
SID2609023518,123456@Aa
SID2609023014,123456@Aa
SID2609023457,123456@Aa
SID2609023460,123456@Aa
SID2609023521,123456@Aa
SID2609023462,123456@Aa
SID2609023465,123456@Aa
SID2609023468,123456@Aa
SID2609023471,123456@Aa
SID2609023524,123456@Aa
SID2609023527,123456@Aa
SID2609023530,123456@Aa
SID2609023474,123456@Aa
SID2609023017,123456@Aa
SID2609023533,123456@Aa
SID2609023477,123456@Aa
SID2609023536,123456@Aa
SID2609023538,123456@Aa
SID2609023020,123456@Aa
SID2609023541,123456@Aa
SID2609023023,123456@Aa
SID2609023545,123456@Aa
SID2609023480,123456@Aa
SID2609023548,123456@Aa
SID2609023482,123456@Aa
SID2609023552,123456@Aa
SID2609023026,123456@Aa
SID2609023486,123456@Aa
SID2609023554,123456@Aa
SID2609023029,123456@Aa
SID2609023557,123456@Aa
SID2609023489,123456@Aa
SID2609023032,123456@Aa
SID2609023491,123456@Aa
SID2609023494,123456@Aa
SID2609023498,123456@Aa
SID2609023561,123456@Aa
SID2609023565,123456@Aa
SID2609023568,123456@Aa
SID2609023571,123456@Aa
SID2609023573,123456@Aa
SID2609023576,123456@Aa
SID2609023035,123456@Aa
SID2609023579,123456@Aa
SID2609023501,123456@Aa
SID2609023582,123456@Aa
SID2609023038,123456@Aa
SID2609023041,123456@Aa
SID2609023044,123456@Aa
SID2609023585,123456@Aa
SID2609023504,123456@Aa
SID2609023589,123456@Aa
SID2609023507,123456@Aa
SID2609023510,123456@Aa
SID2609023512,123456@Aa
SID2609023592,123456@Aa
SID2609023046,123456@Aa
SID2609023595,123456@Aa
SID2609023048,123456@Aa
SID2609023516,123456@Aa
SID2609023520,123456@Aa
SID2609023598,123456@Aa
SID2609023522,123456@Aa
SID2609023525,123456@Aa
SID2609023601,123456@Aa
SID2609023051,123456@Aa
SID2609023528,123456@Aa
SID2609023604,123456@Aa
SID2609023607,123456@Aa
SID2609023531,123456@Aa
SID2609023610,123456@Aa
SID2609023534,123456@Aa
SID2609023537,123456@Aa
SID2609023055,123456@Aa
SID2609023614,123456@Aa
SID2609023617,123456@Aa
SID2609023540,123456@Aa
SID2609023058,123456@Aa
SID2609023061,123456@Aa
SID2609023619,123456@Aa
SID2609023543,123456@Aa
SID2609023547,123456@Aa
SID2609023623,123456@Aa
SID2609023064,123456@Aa
SID2609023067,123456@Aa
SID2609023626,123456@Aa
SID2609023550,123456@Aa
SID2609023551,123456@Aa
SID2609023555,123456@Aa
SID2609023559,123456@Aa
SID2609023562,123456@Aa
SID2609023070,123456@Aa
SID2609023628,123456@Aa
SID2609023564,123456@Aa
SID2609023631,123456@Aa
SID2609023634,123456@Aa
SID2609023637,123456@Aa
SID2609023640,123456@Aa
SID2609023567,123456@Aa
SID2609023570,123456@Aa
SID2609023643,123456@Aa
SID2609023072,123456@Aa
SID2609023074,123456@Aa
SID2609023574,123456@Aa
SID2609023577,123456@Aa
SID2609023077,123456@Aa
SID2609023080,123456@Aa
SID2609023646,123456@Aa
SID2609023649,123456@Aa
SID2609023083,123456@Aa
SID2609023580,123456@Aa
SID2609023652,123456@Aa
SID2609023085,123456@Aa
SID2609023583,123456@Aa
SID2609023088,123456@Aa
SID2609023091,123456@Aa
SID2609023655,123456@Aa
SID2609023094,123456@Aa
SID2609023586,123456@Aa
SID2609023588,123456@Aa
SID2609023591,123456@Aa
SID2609023594,123456@Aa
SID2609023097,123456@Aa
SID2609023597,123456@Aa
SID2609023658,123456@Aa
SID2609023662,123456@Aa
SID2609023100,123456@Aa
SID2609023665,123456@Aa
SID2609023668,123456@Aa
SID2609023671,123456@Aa
SID2609023600,123456@Aa
SID2609023603,123456@Aa
SID2609023675,123456@Aa
SID2609023678,123456@Aa
SID2609023103,123456@Aa
SID2609023606,123456@Aa
SID2609023681,123456@Aa
SID2609023685,123456@Aa
SID2609023106,123456@Aa
SID2609023689,123456@Aa
SID2609023609,123456@Aa
SID2609023692,123456@Aa
SID2609023612,123456@Aa
SID2609023695,123456@Aa
SID2609023108,123456@Aa
SID2609023111,123456@Aa
SID2609023615,123456@Aa
SID2609023698,123456@Aa
SID2609023618,123456@Aa
SID2609023113,123456@Aa
SID2609023701,123456@Aa
SID2609023116,123456@Aa
SID2609023118,123456@Aa
SID2609023621,123456@Aa
SID2609023624,123456@Aa
SID2609023704,123456@Aa
SID2609023627,123456@Aa
SID2609023121,123456@Aa
SID2609023124,123456@Aa
SID2609023630,123456@Aa
SID2609023127,123456@Aa
SID2609023706,123456@Aa
SID2609023633,123456@Aa
SID2609023130,123456@Aa
SID2609023709,123456@Aa
SID2609023635,123456@Aa
SID2609023133,123456@Aa
SID2609023136,123456@Aa
SID2609023638,123456@Aa
SID2609023713,123456@Aa
SID2609023138,123456@Aa
SID2609023716,123456@Aa
SID2609023141,123456@Aa
SID2609023641,123456@Aa
SID2609023719,123456@Aa
SID2609023645,123456@Aa
SID2609023647,123456@Aa
SID2609023144,123456@Aa
SID2609023722,123456@Aa
SID2609023651,123456@Aa
SID2609023725,123456@Aa
SID2609023728,123456@Aa
SID2609023731,123456@Aa
SID2609023147,123456@Aa
SID2609023734,123456@Aa
SID2609023653,123456@Aa
SID2609023657,123456@Aa
SID2609023660,123456@Aa
SID2609023737,123456@Aa
SID2609023150,123456@Aa
SID2609023152,123456@Aa
SID2609023740,123456@Aa
SID2609023663,123456@Aa
SID2609023155,123456@Aa
SID2609023158,123456@Aa
SID2609023743,123456@Aa
SID2609023666,123456@Aa
SID2609023161,123456@Aa
SID2609023164,123456@Aa
SID2609023669,123456@Aa
SID2609023673,123456@Aa
SID2609023167,123456@Aa
SID2609023170,123456@Aa
SID2609023746,123456@Aa
SID2609023749,123456@Aa
SID2609023173,123456@Aa
SID2609023751,123456@Aa
SID2609023176,123456@Aa
SID2609023676,123456@Aa
SID2609023679,123456@Aa
SID2609023682,123456@Aa
SID2609023684,123456@Aa
SID2609023755,123456@Aa
SID2609023179,123456@Aa
SID2609023181,123456@Aa
SID2609023687,123456@Aa
SID2609023183,123456@Aa
SID2609023691,123456@Aa
SID2609023186,123456@Aa
SID2609023191,123456@Aa
SID2609023694,123456@Aa
SID2609023697,123456@Aa
SID2609023193,123456@Aa
SID2609023699,123456@Aa
SID2609023702,123456@Aa
SID2609023757,123456@Aa
SID2609023760,123456@Aa
SID2609023705,123456@Aa
SID2609023765,123456@Aa
SID2609023197,123456@Aa
SID2609023199,123456@Aa
SID2609023708,123456@Aa
SID2609023711,123456@Aa
SID2609023714,123456@Aa
SID2609023717,123456@Aa
SID2609023720,123456@Aa
SID2609023768,123456@Aa
SID2609023724,123456@Aa
SID2609023771,123456@Aa
SID2609023726,123456@Aa
SID2609023202,123456@Aa
SID2609023729,123456@Aa
SID2609023733,123456@Aa
SID2609023774,123456@Aa
SID2609023777,123456@Aa
SID2609023205,123456@Aa
SID2609023208,123456@Aa
SID2609023780,123456@Aa
SID2609023736,123456@Aa
SID2609023782,123456@Aa
SID2609023211,123456@Aa
SID2609023214,123456@Aa
SID2609023784,123456@Aa
SID2609023217,123456@Aa
SID2609023739,123456@Aa
SID2609023787,123456@Aa
SID2609023742,123456@Aa
SID2609023220,123456@Aa
SID2609023745,123456@Aa
SID2609023790,123456@Aa
SID2609023748,123456@Aa
SID2609023223,123456@Aa
SID2609023793,123456@Aa
SID2609023797,123456@Aa
SID2609023228,123456@Aa
SID2609023229,123456@Aa
SID2609023800,123456@Aa
SID2609023752,123456@Aa
SID2609023754,123456@Aa
SID2609023758,123456@Aa
SID2609023803,123456@Aa
SID2609023806,123456@Aa
SID2609023762,123456@Aa
SID2609023809,123456@Aa
SID2609023232,123456@Aa
SID2609023812,123456@Aa
SID2609023815,123456@Aa
SID2609023818,123456@Aa
SID2609023235,123456@Aa
SID2609023238,123456@Aa
SID2609023821,123456@Aa
SID2609023241,123456@Aa
SID2609023244,123456@Aa
SID2609023763,123456@Aa
SID2609023824,123456@Aa
SID2609023827,123456@Aa
SID2609023830,123456@Aa
SID2609023767,123456@Aa
SID2609023833,123456@Aa
SID2609023836,123456@Aa
SID2609023769,123456@Aa
SID2609023772,123456@Aa
SID2609023247,123456@Aa
SID2609023776,123456@Aa
SID2609023779,123456@Aa
SID2609023250,123456@Aa
SID2609023839,123456@Aa
SID2609023253,123456@Aa
SID2609023842,123456@Aa
SID2609023256,123456@Aa
SID2609023259,123456@Aa
SID2609023261,123456@Aa
SID2609023265,123456@Aa
SID2609023268,123456@Aa
SID2609023844,123456@Aa
SID2609023783,123456@Aa
SID2609023786,123456@Aa
SID2609023270,123456@Aa
SID2609023789,123456@Aa
SID2609023273,123456@Aa
SID2609023276,123456@Aa
SID2609023792,123456@Aa
SID2609023795,123456@Aa
SID2609023847,123456@Aa
SID2609023279,123456@Aa
SID2609023799,123456@Aa
SID2609023281,123456@Aa
SID2609023802,123456@Aa
SID2609023285,123456@Aa
SID2609023805,123456@Aa
SID2609023850,123456@Aa
SID2609023288,123456@Aa
SID2609023854,123456@Aa
SID2609023291,123456@Aa
SID2609023808,123456@Aa
SID2609023856,123456@Aa
SID2609023294,123456@Aa
SID2609023859,123456@Aa
SID2609023297,123456@Aa
SID2609023299,123456@Aa
SID2609023302,123456@Aa
SID2609023811,123456@Aa
SID2609023814,123456@Aa
SID2609023863,123456@Aa
SID2609023817,123456@Aa
SID2609023866,123456@Aa
SID2609023820,123456@Aa
SID2609023823,123456@Aa
SID2609023869,123456@Aa
SID2609023872,123456@Aa
SID2609023306,123456@Aa
SID2609023875,123456@Aa
SID2609023826,123456@Aa
SID2609023878,123456@Aa
SID2609023881,123456@Aa
SID2609023308,123456@Aa
SID2609023829,123456@Aa
SID2609023312,123456@Aa
SID2609023884,123456@Aa
SID2609023832,123456@Aa
SID2609023835,123456@Aa
SID2609023887,123456@Aa
SID2609023315,123456@Aa
SID2609023837,123456@Aa
SID2609023318,123456@Aa
SID2609023321,123456@Aa
SID2609023841,123456@Aa
SID2609023845,123456@Aa
SID2609023324,123456@Aa
SID2609023848,123456@Aa
SID2609023851,123456@Aa
SID2609023326,123456@Aa
SID2609023855,123456@Aa
SID2609023890,123456@Aa
SID2609023893,123456@Aa
SID2609023858,123456@Aa
SID2609023896,123456@Aa
SID2609023861,123456@Aa
SID2609023899,123456@Aa
SID2609023864,123456@Aa
SID2609023329,123456@Aa
SID2609023867,123456@Aa
SID2609023870,123456@Aa
SID2609023873,123456@Aa
SID2609023332,123456@Aa
SID2609023902,123456@Aa
SID2609023905,123456@Aa
SID2609023908,123456@Aa
SID2609023335,123456@Aa
SID2609023338,123456@Aa
SID2609023911,123456@Aa
SID2609023914,123456@Aa
SID2609023917,123456@Aa
SID2609023920,123456@Aa
SID2609023923,123456@Aa
SID2609023876,123456@Aa
SID2609023340,123456@Aa
SID2609023343,123456@Aa
SID2609023879,123456@Aa
SID2609023927,123456@Aa
SID2609023882,123456@Aa
SID2609023885,123456@Aa
SID2609023930,123456@Aa
SID2609023345,123456@Aa
SID2609023933,123456@Aa
SID2609023936,123456@Aa
SID2609023939,123456@Aa
SID2609023349,123456@Aa
SID2609023888,123456@Aa
SID2609023942,123456@Aa
SID2609023351,123456@Aa
SID2609023944,123456@Aa
SID2609023354,123456@Aa
SID2609023947,123456@Aa
SID2609023357,123456@Aa
SID2609023891,123456@Aa
SID2609023951,123456@Aa
SID2609023894,123456@Aa
SID2609023360,123456@Aa
SID2609023954,123456@Aa
SID2609023363,123456@Aa
SID2609023897,123456@Aa
SID2609023367,123456@Aa
SID2609023370,123456@Aa
SID2609023900,123456@Aa
SID2609023957,123456@Aa
SID2609023960,123456@Aa
SID2609023962,123456@Aa
SID2609023903,123456@Aa
SID2609023906,123456@Aa
SID2609023909,123456@Aa
SID2609023373,123456@Aa
SID2609023965,123456@Aa
SID2609023969,123456@Aa
SID2609023912,123456@Aa
SID2609023376,123456@Aa
SID2609023916,123456@Aa
SID2609023919,123456@Aa
SID2609023972,123456@Aa
SID2609023379,123456@Aa
SID2609023922,123456@Aa
SID2609023382,123456@Aa
SID2609023925,123456@Aa
SID2609023385,123456@Aa
SID2609023388,123456@Aa
SID2609023975,123456@Aa
SID2609023391,123456@Aa
SID2609023928,123456@Aa
SID2609023931,123456@Aa
SID2609023395,123456@Aa
SID2609023398,123456@Aa
SID2609023402,123456@Aa
SID2609023405,123456@Aa
SID2609023978,123456@Aa
SID2609023981,123456@Aa
SID2609023984,123456@Aa
SID2609023406,123456@Aa
SID2609023410,123456@Aa
SID2609023934,123456@Aa
SID2609023937,123456@Aa
SID2609023413,123456@Aa
SID2609023416,123456@Aa
SID2609023987,123456@Aa
SID2609023940,123456@Aa
SID2609023943,123456@Aa
SID2609023946,123456@Aa
SID2609023990,123456@Aa
SID2609023419,123456@Aa
SID2609023949,123456@Aa
SID2609023993,123456@Aa
SID2609023421,123456@Aa
SID2609023424,123456@Aa
SID2609023996,123456@Aa
SID2609023427,123456@Aa
SID2609024000,123456@Aa
SID2609023430,123456@Aa
SID2609023432,123456@Aa
SID2609023435,123456@Aa
SID2609023438,123456@Aa
SID2609024003,123456@Aa
SID2609024005,123456@Aa
SID2609023952,123456@Aa
SID2609023955,123456@Aa
SID2609023440,123456@Aa
SID2609023443,123456@Aa
SID2609023959,123456@Aa
SID2609023446,123456@Aa
SID2609023449,123456@Aa
SID2609023963,123456@Aa
SID2609023966,123456@Aa
SID2609024008,123456@Aa
SID2609023452,123456@Aa
SID2609023455,123456@Aa
SID2609023458,123456@Aa
SID2609023968,123456@Aa
SID2609024011,123456@Aa
SID2609023971,123456@Aa
SID2609023461,123456@Aa
SID2609023974,123456@Aa
SID2609023977,123456@Aa
SID2609023980,123456@Aa
SID2609024015,123456@Aa
SID2609023983,123456@Aa
SID2609024018,123456@Aa
SID2609023464,123456@Aa
SID2609023986,123456@Aa
SID2609023467,123456@Aa
SID2609024020,123456@Aa
SID2609024022,123456@Aa
SID2609024026,123456@Aa
SID2609023989,123456@Aa
SID2609023992,123456@Aa
SID2609023470,123456@Aa
SID2609023473,123456@Aa
SID2609024030,123456@Aa
SID2609024033,123456@Aa
SID2609023995,123456@Aa
SID2609023476,123456@Aa
SID2609024036,123456@Aa
SID2609024039,123456@Aa
SID2609023998,123456@Aa
SID2609024042,123456@Aa
SID2609024001,123456@Aa
SID2609023478,123456@Aa
SID2609024045,123456@Aa
SID2609024004,123456@Aa
SID2609023481,123456@Aa
SID2609024007,123456@Aa
SID2609024047,123456@Aa
SID2609024050,123456@Aa
SID2609023484,123456@Aa
SID2609024010,123456@Aa
SID2609023487,123456@Aa
SID2609024054,123456@Aa
SID2609023490,123456@Aa
SID2609024013,123456@Aa
SID2609023493,123456@Aa
SID2609024056,123456@Aa
SID2609024059,123456@Aa
SID2609024016,123456@Aa
SID2609024061,123456@Aa
SID2609024019,123456@Aa
SID2609023496,123456@Aa
SID2609024065,123456@Aa
SID2609023499,123456@Aa
SID2609023502,123456@Aa
SID2609024068,123456@Aa
SID2609024023,123456@Aa
SID2609023505,123456@Aa
SID2609024070,123456@Aa
SID2609024074,123456@Aa
SID2609023508,123456@Aa
SID2609023511,123456@Aa
SID2609023514,123456@Aa
SID2609024076,123456@Aa
SID2609024025,123456@Aa
SID2609024080,123456@Aa
SID2609024082,123456@Aa
SID2609024028,123456@Aa
SID2609024085,123456@Aa
SID2609024031,123456@Aa
SID2609023517,123456@Aa
SID2609024088,123456@Aa
SID2609024034,123456@Aa
SID2609024038,123456@Aa
SID2609024041,123456@Aa
SID2609024044,123456@Aa
SID2609024091,123456@Aa
SID2609024048,123456@Aa
SID2609023519,123456@Aa
SID2609024051,123456@Aa
SID2609024053,123456@Aa
SID2609024095,123456@Aa
SID2609024057,123456@Aa
SID2609024060,123456@Aa
SID2609024062,123456@Aa
SID2609023523,123456@Aa
SID2609024064,123456@Aa
SID2609023526,123456@Aa
SID2609024097,123456@Aa
SID2609024067,123456@Aa
SID2609023529,123456@Aa
SID2609024100,123456@Aa
SID2609023532,123456@Aa
SID2609024103,123456@Aa
SID2609023535,123456@Aa
SID2609024071,123456@Aa
SID2609024073,123456@Aa
SID2609024106,123456@Aa
SID2609024109,123456@Aa
SID2609023539,123456@Aa
SID2609024077,123456@Aa
SID2609024079,123456@Aa
SID2609023542,123456@Aa
SID2609024112,123456@Aa
SID2609024115,123456@Aa
SID2609024119,123456@Aa
SID2609024122,123456@Aa
SID2609024125,123456@Aa
SID2609023544,123456@Aa
SID2609023546,123456@Aa
SID2609024083,123456@Aa
SID2609024128,123456@Aa
SID2609023549,123456@Aa
SID2609024086,123456@Aa
SID2609023553,123456@Aa
SID2609023556,123456@Aa
SID2609023558,123456@Aa
SID2609023560,123456@Aa
SID2609023563,123456@Aa
SID2609023566,123456@Aa
SID2609023569,123456@Aa
SID2609024089,123456@Aa
SID2609024092,123456@Aa
SID2609024094,123456@Aa
SID2609024131,123456@Aa
SID2609024134,123456@Aa
SID2609023572,123456@Aa
SID2609023575,123456@Aa
SID2609024098,123456@Aa
SID2609024138,123456@Aa
SID2609023578,123456@Aa
SID2609024141,123456@Aa
SID2609023581,123456@Aa
SID2609024144,123456@Aa
SID2609024101,123456@Aa
SID2609024104,123456@Aa
SID2609024108,123456@Aa
SID2609024111,123456@Aa
SID2609024147,123456@Aa
SID2609024114,123456@Aa
SID2609024117,123456@Aa
SID2609024150,123456@Aa
SID2609024153,123456@Aa
SID2609023584,123456@Aa
SID2609023587,123456@Aa
SID2609023590,123456@Aa
SID2609023593,123456@Aa
SID2609024156,123456@Aa
SID2609024120,123456@Aa
SID2609024158,123456@Aa
SID2609024123,123456@Aa
SID2609024161,123456@Aa
SID2609024126,123456@Aa
SID2609023596,123456@Aa
SID2609023599,123456@Aa
SID2609024164,123456@Aa
SID2609024167,123456@Aa
SID2609024170,123456@Aa
SID2609023602,123456@Aa
SID2609024130,123456@Aa
SID2609024133,123456@Aa
SID2609024136,123456@Aa
SID2609024172,123456@Aa
SID2609024175,123456@Aa
SID2609024140,123456@Aa
SID2609024143,123456@Aa
SID2609024146,123456@Aa
SID2609024149,123456@Aa
SID2609024151,123456@Aa
SID2609023605,123456@Aa
SID2609024178,123456@Aa
SID2609023608,123456@Aa
SID2609024155,123456@Aa
SID2609024181,123456@Aa
SID2609024186,123456@Aa
SID2609024189,123456@Aa
SID2609024191,123456@Aa
SID2609023611,123456@Aa
SID2609024159,123456@Aa
SID2609023613,123456@Aa
SID2609024162,123456@Aa
SID2609024194,123456@Aa
SID2609024197,123456@Aa
SID2609024165,123456@Aa
SID2609024199,123456@Aa
SID2609023616,123456@Aa
SID2609024168,123456@Aa
SID2609023620,123456@Aa
SID2609024171,123456@Aa
SID2609024174,123456@Aa
SID2609024202,123456@Aa
SID2609024177,123456@Aa
SID2609024205,123456@Aa
SID2609023622,123456@Aa
SID2609023625,123456@Aa
SID2609023629,123456@Aa
SID2609023632,123456@Aa
SID2609024208,123456@Aa
SID2609023636,123456@Aa
SID2609023639,123456@Aa
SID2609023642,123456@Aa
SID2609024211,123456@Aa
SID2609024179,123456@Aa
SID2609023644,123456@Aa
SID2609024183,123456@Aa
SID2609024184,123456@Aa
SID2609023648,123456@Aa
SID2609023650,123456@Aa
SID2609024187,123456@Aa
SID2609023654,123456@Aa
SID2609023656,123456@Aa
SID2609024214,123456@Aa
SID2609024190,123456@Aa
SID2609024193,123456@Aa
SID2609024217,123456@Aa
SID2609023659,123456@Aa
SID2609024196,123456@Aa
SID2609024219,123456@Aa
SID2609024224,123456@Aa
SID2609023661,123456@Aa
SID2609024200,123456@Aa
SID2609024227,123456@Aa
SID2609024230,123456@Aa
SID2609024233,123456@Aa
SID2609024236,123456@Aa
SID2609024203,123456@Aa
SID2609024206,123456@Aa
SID2609023664,123456@Aa
SID2609024209,123456@Aa
SID2609024212,123456@Aa
SID2609024239,123456@Aa
SID2609024215,123456@Aa
SID2609024216,123456@Aa
SID2609024221,123456@Aa
SID2609023667,123456@Aa
SID2609024242,123456@Aa
SID2609024223,123456@Aa
SID2609024225,123456@Aa
SID2609023670,123456@Aa
SID2609024245,123456@Aa
SID2609024228,123456@Aa
SID2609024231,123456@Aa
SID2609023672,123456@Aa
SID2609024248,123456@Aa
SID2609024234,123456@Aa
SID2609023674,123456@Aa
SID2609023677,123456@Aa
SID2609024251,123456@Aa
SID2609024237,123456@Aa
SID2609023680,123456@Aa
SID2609024240,123456@Aa
SID2609023683,123456@Aa
SID2609024243,123456@Aa
SID2609024246,123456@Aa
SID2609023686,123456@Aa
SID2609024249,123456@Aa
SID2609024253,123456@Aa
SID2609024256,123456@Aa
SID2609023688,123456@Aa
SID2609024255,123456@Aa
SID2609023690,123456@Aa
SID2609024258,123456@Aa
SID2609024262,123456@Aa
SID2609024265,123456@Aa
SID2609023693,123456@Aa
SID2609024268,123456@Aa
SID2609023696,123456@Aa
SID2609023700,123456@Aa
SID2609023703,123456@Aa
SID2609024259,123456@Aa
SID2609024261,123456@Aa
SID2609024271,123456@Aa
SID2609024264,123456@Aa
SID2609024267,123456@Aa
SID2609023707,123456@Aa
SID2609023710,123456@Aa
SID2609024274,123456@Aa
SID2609024277,123456@Aa
SID2609024270,123456@Aa
SID2609023712,123456@Aa
SID2609024273,123456@Aa
SID2609023715,123456@Aa
SID2609024280,123456@Aa
SID2609023718,123456@Aa
SID2609024283,123456@Aa
SID2609023721,123456@Aa
SID2609024286,123456@Aa
SID2609023723,123456@Aa
SID2609023727,123456@Aa
SID2609024276,123456@Aa
SID2609024279,123456@Aa
SID2609024281,123456@Aa
SID2609024284,123456@Aa
SID2609024289,123456@Aa
SID2609024292,123456@Aa
SID2609024295,123456@Aa
SID2609024287,123456@Aa
SID2609024298,123456@Aa
SID2609024300,123456@Aa
SID2609024290,123456@Aa
SID2609024293,123456@Aa
SID2609024296,123456@Aa
SID2609024303,123456@Aa
SID2609023730,123456@Aa
SID2609024307,123456@Aa
SID2609024299,123456@Aa
SID2609024310,123456@Aa
SID2609024313,123456@Aa
SID2609023732,123456@Aa
SID2609023735,123456@Aa
SID2609023738,123456@Aa
SID2609023741,123456@Aa
SID2609024302,123456@Aa
SID2609023744,123456@Aa
SID2609024305,123456@Aa
SID2609024308,123456@Aa
SID2609023747,123456@Aa
SID2609024311,123456@Aa
SID2609024315,123456@Aa
SID2609023750,123456@Aa
SID2609024318,123456@Aa
SID2609024316,123456@Aa
SID2609024319,123456@Aa
SID2609024321,123456@Aa
SID2609023753,123456@Aa
SID2609023756,123456@Aa
SID2609024324,123456@Aa
SID2609023759,123456@Aa
SID2609024327,123456@Aa
SID2609024330,123456@Aa
SID2609024333,123456@Aa
SID2609024335,123456@Aa
SID2609024322,123456@Aa
SID2609024339,123456@Aa
SID2609024342,123456@Aa
SID2609024344,123456@Aa
SID2609024325,123456@Aa
SID2609024348,123456@Aa
SID2609023761,123456@Aa
SID2609023764,123456@Aa
SID2609024351,123456@Aa
SID2609024328,123456@Aa
SID2609023766,123456@Aa
SID2609024331,123456@Aa
SID2609023770,123456@Aa
SID2609024353,123456@Aa
SID2609023773,123456@Aa
SID2609023775,123456@Aa
SID2609023778,123456@Aa
SID2609024334,123456@Aa
SID2609024338,123456@Aa
SID2609024356,123456@Aa
SID2609024341,123456@Aa
SID2609023781,123456@Aa
SID2609024345,123456@Aa
SID2609023785,123456@Aa
SID2609024347,123456@Aa
SID2609024350,123456@Aa
SID2609024360,123456@Aa
SID2609024363,123456@Aa
SID2609023788,123456@Aa
SID2609024366,123456@Aa
SID2609023791,123456@Aa
SID2609024354,123456@Aa
SID2609024369,123456@Aa
SID2609024372,123456@Aa
SID2609023794,123456@Aa
SID2609023796,123456@Aa
SID2609024357,123456@Aa
SID2609024359,123456@Aa
SID2609024375,123456@Aa
SID2609023798,123456@Aa
SID2609024378,123456@Aa
SID2609023801,123456@Aa
SID2609024381,123456@Aa
SID2609024362,123456@Aa
SID2609023804,123456@Aa
SID2609023807,123456@Aa
SID2609024365,123456@Aa
SID2609023810,123456@Aa
SID2609023813,123456@Aa
SID2609024368,123456@Aa
SID2609024384,123456@Aa
SID2609024371,123456@Aa
SID2609023816,123456@Aa
SID2609023819,123456@Aa
SID2609024387,123456@Aa
SID2609023822,123456@Aa
SID2609024389,123456@Aa
SID2609023825,123456@Aa
SID2609023828,123456@Aa
SID2609024374,123456@Aa
SID2609024391,123456@Aa
SID2609024396,123456@Aa
SID2609024399,123456@Aa
SID2609024377,123456@Aa
SID2609024380,123456@Aa
SID2609024402,123456@Aa
SID2609024405,123456@Aa
SID2609024383,123456@Aa
SID2609023831,123456@Aa
SID2609024385,123456@Aa
SID2609024409,123456@Aa
SID2609024388,123456@Aa
SID2609024411,123456@Aa
SID2609024415,123456@Aa
SID2609024392,123456@Aa
SID2609024395,123456@Aa
SID2609024398,123456@Aa
SID2609023834,123456@Aa
SID2609024401,123456@Aa
SID2609023838,123456@Aa
SID2609024404,123456@Aa
SID2609024407,123456@Aa
SID2609024417,123456@Aa
SID2609024420,123456@Aa
SID2609023840,123456@Aa
SID2609024410,123456@Aa
SID2609024413,123456@Aa
SID2609024416,123456@Aa
SID2609024419,123456@Aa
SID2609023843,123456@Aa
SID2609023846,123456@Aa
SID2609024423,123456@Aa
SID2609024425,123456@Aa
SID2609023849,123456@Aa
SID2609023852,123456@Aa
SID2609024422,123456@Aa
SID2609024428,123456@Aa
SID2609024426,123456@Aa
SID2609023853,123456@Aa
SID2609024431,123456@Aa
SID2609023857,123456@Aa
SID2609024434,123456@Aa
SID2609023860,123456@Aa
SID2609023862,123456@Aa
SID2609023865,123456@Aa
SID2609024437,123456@Aa
SID2609024429,123456@Aa
SID2609024432,123456@Aa
SID2609023868,123456@Aa
SID2609024435,123456@Aa
SID2609023871,123456@Aa
SID2609023874,123456@Aa
SID2609024439,123456@Aa
SID2609023877,123456@Aa
SID2609024442,123456@Aa
SID2609023880,123456@Aa
SID2609024445,123456@Aa
SID2609023883,123456@Aa
SID2609023886,123456@Aa
SID2609024441,123456@Aa
SID2609024444,123456@Aa
SID2609024448,123456@Aa
SID2609023889,123456@Aa
SID2609024446,123456@Aa
SID2609023892,123456@Aa
SID2609023895,123456@Aa
SID2609024451,123456@Aa
SID2609023898,123456@Aa
SID2609023901,123456@Aa
SID2609024449,123456@Aa
SID2609024454,123456@Aa
SID2609024457,123456@Aa
SID2609024453,123456@Aa
SID2609024460,123456@Aa
SID2609024456,123456@Aa
SID2609024459,123456@Aa
SID2609023904,123456@Aa
SID2609023907,123456@Aa
SID2609024463,123456@Aa
SID2609023910,123456@Aa
SID2609023913,123456@Aa
SID2609024466,123456@Aa
SID2609024462,123456@Aa
SID2609024465,123456@Aa
SID2609024469,123456@Aa
SID2609023915,123456@Aa
SID2609024468,123456@Aa
SID2609024471,123456@Aa
SID2609024472,123456@Aa
SID2609023918,123456@Aa
SID2609024474,123456@Aa
SID2609024477,123456@Aa
SID2609023921,123456@Aa
SID2609023924,123456@Aa
SID2609024475,123456@Aa
SID2609024478,123456@Aa
SID2609023926,123456@Aa
SID2609023929,123456@Aa
SID2609024480,123456@Aa
SID2609024484,123456@Aa
SID2609024481,123456@Aa
SID2609024483,123456@Aa
SID2609024487,123456@Aa
SID2609024490,123456@Aa
SID2609024492,123456@Aa
SID2609023932,123456@Aa
SID2609024486,123456@Aa
SID2609024489,123456@Aa
SID2609023935,123456@Aa
SID2609023938,123456@Aa
SID2609024493,123456@Aa
SID2609024495,123456@Aa
SID2609024498,123456@Aa
SID2609024502,123456@Aa
SID2609024505,123456@Aa
SID2609023941,123456@Aa
SID2609024496,123456@Aa
SID2609024499,123456@Aa
SID2609024501,123456@Aa
SID2609024504,123456@Aa
SID2609024509,123456@Aa
SID2609023945,123456@Aa
SID2609024507,123456@Aa
SID2609024512,123456@Aa
SID2609024515,123456@Aa
SID2609023948,123456@Aa
SID2609024518,123456@Aa
SID2609024511,123456@Aa
SID2609023950,123456@Aa
SID2609023953,123456@Aa
SID2609024521,123456@Aa
SID2609024524,123456@Aa
SID2609023956,123456@Aa
SID2609024527,123456@Aa
SID2609024530,123456@Aa
SID2609024533,123456@Aa
SID2609024536,123456@Aa
SID2609024538,123456@Aa
SID2609023958,123456@Aa
SID2609023961,123456@Aa
SID2609023964,123456@Aa
SID2609024541,123456@Aa
SID2609024514,123456@Aa
SID2609023967,123456@Aa
SID2609024544,123456@Aa
SID2609023970,123456@Aa
SID2609024547,123456@Aa
SID2609023973,123456@Aa
SID2609023976,123456@Aa
SID2609023979,123456@Aa
SID2609024550,123456@Aa
SID2609024516,123456@Aa
SID2609024553,123456@Aa
SID2609023982,123456@Aa
SID2609023985,123456@Aa
SID2609023988,123456@Aa
SID2609023991,123456@Aa
SID2609023994,123456@Aa
SID2609024557,123456@Aa
SID2609023997,123456@Aa
SID2609024519,123456@Aa
SID2609023999,123456@Aa
SID2609024002,123456@Aa
SID2609024006,123456@Aa
SID2609024559,123456@Aa
SID2609024009,123456@Aa
SID2609024012,123456@Aa
SID2609024563,123456@Aa
SID2609024567,123456@Aa
SID2609024014,123456@Aa
SID2609024522,123456@Aa
SID2609024570,123456@Aa
SID2609024017,123456@Aa
SID2609024021,123456@Aa
SID2609024525,123456@Aa
SID2609024528,123456@Aa
SID2609024532,123456@Aa
SID2609024535,123456@Aa
SID2609024024,123456@Aa
SID2609024574,123456@Aa
SID2609024027,123456@Aa
SID2609024575,123456@Aa
SID2609024539,123456@Aa
SID2609024579,123456@Aa
SID2609024583,123456@Aa
SID2609024542,123456@Aa
SID2609024545,123456@Aa
SID2609024029,123456@Aa
SID2609024032,123456@Aa
SID2609024548,123456@Aa
SID2609024551,123456@Aa
SID2609024587,123456@Aa
SID2609024554,123456@Aa
SID2609024556,123456@Aa
SID2609024035,123456@Aa
SID2609024037,123456@Aa
SID2609024040,123456@Aa
SID2609024561,123456@Aa
SID2609024564,123456@Aa
SID2609024043,123456@Aa
SID2609024590,123456@Aa
SID2609024046,123456@Aa
SID2609024049,123456@Aa
SID2609024566,123456@Aa
SID2609024569,123456@Aa
SID2609024593,123456@Aa
SID2609024572,123456@Aa
SID2609024596,123456@Aa
SID2609024599,123456@Aa
SID2609024603,123456@Aa
SID2609024052,123456@Aa
SID2609024606,123456@Aa
SID2609024055,123456@Aa
SID2609024609,123456@Aa
SID2609024576,123456@Aa
SID2609024058,123456@Aa
SID2609024580,123456@Aa
SID2609024612,123456@Aa
SID2609024615,123456@Aa
SID2609024063,123456@Aa
SID2609024066,123456@Aa
SID2609024069,123456@Aa
SID2609024582,123456@Aa
SID2609024617,123456@Aa
SID2609024586,123456@Aa
SID2609024072,123456@Aa
SID2609024620,123456@Aa
SID2609024623,123456@Aa
SID2609024626,123456@Aa
SID2609024589,123456@Aa
SID2609024592,123456@Aa
SID2609024075,123456@Aa
SID2609024078,123456@Aa
SID2609024081,123456@Aa
SID2609024595,123456@Aa
SID2609024084,123456@Aa
SID2609024629,123456@Aa
SID2609024631,123456@Aa
SID2609024087,123456@Aa
SID2609024090,123456@Aa
SID2609024598,123456@Aa
SID2609024602,123456@Aa
SID2609024634,123456@Aa
SID2609024637,123456@Aa
SID2609024605,123456@Aa
SID2609024639,123456@Aa
SID2609024642,123456@Aa
SID2609024093,123456@Aa
SID2609024608,123456@Aa
SID2609024611,123456@Aa
SID2609024646,123456@Aa
SID2609024649,123456@Aa
SID2609024613,123456@Aa
SID2609024618,123456@Aa
SID2609024096,123456@Aa
SID2609024099,123456@Aa
SID2609024619,123456@Aa
SID2609024652,123456@Aa
SID2609024102,123456@Aa
SID2609024655,123456@Aa
SID2609024105,123456@Aa
SID2609024622,123456@Aa
SID2609024658,123456@Aa
SID2609024625,123456@Aa
SID2609024107,123456@Aa
SID2609024110,123456@Aa
SID2609024661,123456@Aa
SID2609024664,123456@Aa
SID2609024667,123456@Aa
SID2609024113,123456@Aa
SID2609024628,123456@Aa
SID2609024116,123456@Aa
SID2609024118,123456@Aa
SID2609024121,123456@Aa
SID2609024124,123456@Aa
SID2609024632,123456@Aa
SID2609024127,123456@Aa
SID2609024670,123456@Aa
SID2609024673,123456@Aa
SID2609024675,123456@Aa
SID2609024129,123456@Aa
SID2609024678,123456@Aa
SID2609024682,123456@Aa
SID2609024685,123456@Aa
SID2609024635,123456@Aa
SID2609024688,123456@Aa
SID2609024691,123456@Aa
SID2609024132,123456@Aa
SID2609024640,123456@Aa
SID2609024135,123456@Aa
SID2609024643,123456@Aa
SID2609024694,123456@Aa
SID2609024137,123456@Aa
SID2609024139,123456@Aa
SID2609024142,123456@Aa
SID2609024645,123456@Aa
SID2609024145,123456@Aa
SID2609024647,123456@Aa
SID2609024650,123456@Aa
SID2609024654,123456@Aa
SID2609024657,123456@Aa
SID2609024659,123456@Aa
SID2609024663,123456@Aa
SID2609024666,123456@Aa
SID2609024669,123456@Aa
SID2609024697,123456@Aa
SID2609024148,123456@Aa
SID2609024152,123456@Aa
SID2609024671,123456@Aa
SID2609024154,123456@Aa
SID2609024676,123456@Aa
SID2609024700,123456@Aa
SID2609024157,123456@Aa
SID2609024160,123456@Aa
SID2609024679,123456@Aa
SID2609024703,123456@Aa
SID2609024163,123456@Aa
SID2609024706,123456@Aa
SID2609024166,123456@Aa
SID2609024709,123456@Aa
SID2609024681,123456@Aa
SID2609024169,123456@Aa
SID2609024173,123456@Aa
SID2609024712,123456@Aa
SID2609024683,123456@Aa
SID2609024686,123456@Aa
SID2609024715,123456@Aa
SID2609024718,123456@Aa
SID2609024721,123456@Aa
SID2609024724,123456@Aa
SID2609024690,123456@Aa
SID2609024693,123456@Aa
SID2609024696,123456@Aa
SID2609024176,123456@Aa
SID2609024180,123456@Aa
SID2609024182,123456@Aa
SID2609024727,123456@Aa
SID2609024698,123456@Aa
SID2609024701,123456@Aa
SID2609024704,123456@Aa
SID2609024730,123456@Aa
SID2609024185,123456@Aa
SID2609024707,123456@Aa
SID2609024710,123456@Aa
SID2609024733,123456@Aa
SID2609024188,123456@Aa
SID2609024714,123456@Aa
SID2609024717,123456@Aa
SID2609024736,123456@Aa
SID2609024739,123456@Aa
SID2609024720,123456@Aa
SID2609024723,123456@Aa
SID2609024742,123456@Aa
SID2609024726,123456@Aa
SID2609024745,123456@Aa
SID2609024729,123456@Aa
SID2609024732,123456@Aa
SID2609024734,123456@Aa
SID2609024738,123456@Aa
SID2609024740,123456@Aa
SID2609024749,123456@Aa
SID2609024751,123456@Aa
SID2609024192,123456@Aa
SID2609024744,123456@Aa
SID2609024195,123456@Aa
SID2609024747,123456@Aa
SID2609024750,123456@Aa
SID2609024754,123456@Aa
SID2609024198,123456@Aa
SID2609024201,123456@Aa
SID2609024204,123456@Aa
SID2609024207,123456@Aa
SID2609024210,123456@Aa
SID2609024757,123456@Aa
SID2609024753,123456@Aa
SID2609024213,123456@Aa
SID2609024760,123456@Aa
SID2609024763,123456@Aa
SID2609024218,123456@Aa
SID2609024220,123456@Aa
SID2609024766,123456@Aa
SID2609024756,123456@Aa
SID2609024759,123456@Aa
SID2609024769,123456@Aa
SID2609024772,123456@Aa
SID2609024222,123456@Aa
SID2609024226,123456@Aa
SID2609024229,123456@Aa
SID2609024762,123456@Aa
SID2609024765,123456@Aa
SID2609024775,123456@Aa
SID2609024778,123456@Aa
SID2609024768,123456@Aa
SID2609024771,123456@Aa
SID2609024232,123456@Aa
SID2609024774,123456@Aa
SID2609024781,123456@Aa
SID2609024777,123456@Aa
SID2609024235,123456@Aa
SID2609024238,123456@Aa
SID2609024780,123456@Aa
SID2609024241,123456@Aa
SID2609024783,123456@Aa
SID2609024244,123456@Aa
SID2609024786,123456@Aa
SID2609024247,123456@Aa
SID2609024789,123456@Aa
SID2609024250,123456@Aa
SID2609024793,123456@Aa
SID2609024252,123456@Aa
SID2609024795,123456@Aa
SID2609024784,123456@Aa
SID2609024798,123456@Aa
SID2609024802,123456@Aa
SID2609024788,123456@Aa
SID2609024254,123456@Aa
SID2609024804,123456@Aa
SID2609024790,123456@Aa
SID2609024807,123456@Aa
SID2609024794,123456@Aa
SID2609024809,123456@Aa
SID2609024797,123456@Aa
SID2609024813,123456@Aa
SID2609024800,123456@Aa
SID2609024803,123456@Aa
SID2609024806,123456@Aa
SID2609024257,123456@Aa
SID2609024816,123456@Aa
SID2609024819,123456@Aa
SID2609024260,123456@Aa
SID2609024822,123456@Aa
SID2609024263,123456@Aa
SID2609024266,123456@Aa
SID2609024825,123456@Aa
SID2609024808,123456@Aa
SID2609024811,123456@Aa
SID2609024828,123456@Aa
SID2609024269,123456@Aa
SID2609024814,123456@Aa
SID2609024831,123456@Aa
SID2609024834,123456@Aa
SID2609024838,123456@Aa
SID2609024841,123456@Aa
SID2609024844,123456@Aa
SID2609024848,123456@Aa
SID2609024272,123456@Aa
SID2609024852,123456@Aa
SID2609024817,123456@Aa
SID2609024855,123456@Aa
SID2609024858,123456@Aa
SID2609024861,123456@Aa
SID2609024275,123456@Aa
SID2609024863,123456@Aa
SID2609024866,123456@Aa
SID2609024278,123456@Aa
SID2609024820,123456@Aa
SID2609024824,123456@Aa
SID2609024282,123456@Aa
SID2609024869,123456@Aa
SID2609024285,123456@Aa
SID2609024871,123456@Aa
SID2609024874,123456@Aa
SID2609024827,123456@Aa
SID2609024830,123456@Aa
SID2609024288,123456@Aa
SID2609024877,123456@Aa
SID2609024880,123456@Aa
SID2609024291,123456@Aa
SID2609024833,123456@Aa
SID2609024294,123456@Aa
SID2609024836,123456@Aa
SID2609024883,123456@Aa
SID2609024297,123456@Aa
SID2609024839,123456@Aa
SID2609024842,123456@Aa
SID2609024886,123456@Aa
SID2609024845,123456@Aa
SID2609024847,123456@Aa
SID2609024889,123456@Aa
SID2609024301,123456@Aa
SID2609024892,123456@Aa
SID2609024895,123456@Aa
SID2609024304,123456@Aa
SID2609024898,123456@Aa
SID2609024306,123456@Aa
SID2609024901,123456@Aa
SID2609024309,123456@Aa
SID2609024904,123456@Aa
SID2609024850,123456@Aa
SID2609024908,123456@Aa
SID2609024312,123456@Aa
SID2609024910,123456@Aa
SID2609024914,123456@Aa
SID2609024854,123456@Aa
SID2609024917,123456@Aa
SID2609024857,123456@Aa
SID2609024860,123456@Aa
SID2609024920,123456@Aa
SID2609024923,123456@Aa
SID2609024314,123456@Aa
SID2609024317,123456@Aa
SID2609024924,123456@Aa
SID2609024864,123456@Aa
SID2609024929,123456@Aa
SID2609024867,123456@Aa
SID2609024930,123456@Aa
SID2609024933,123456@Aa
SID2609024870,123456@Aa
SID2609024320,123456@Aa
SID2609024936,123456@Aa
SID2609024873,123456@Aa
SID2609024876,123456@Aa
SID2609024879,123456@Aa
SID2609024323,123456@Aa
SID2609024939,123456@Aa
SID2609024326,123456@Aa
SID2609024329,123456@Aa
SID2609024942,123456@Aa
SID2609024944,123456@Aa
SID2609024332,123456@Aa
SID2609024947,123456@Aa
SID2609024882,123456@Aa
SID2609024885,123456@Aa
SID2609024950,123456@Aa
SID2609024888,123456@Aa
SID2609024891,123456@Aa
SID2609024894,123456@Aa
SID2609024897,123456@Aa
SID2609024953,123456@Aa
SID2609024900,123456@Aa
SID2609024957,123456@Aa
SID2609024959,123456@Aa
SID2609024903,123456@Aa
SID2609024336,123456@Aa
SID2609024962,123456@Aa
SID2609024906,123456@Aa
SID2609024965,123456@Aa
SID2609024909,123456@Aa
SID2609024337,123456@Aa
SID2609024969,123456@Aa
SID2609024912,123456@Aa
SID2609024340,123456@Aa
SID2609024343,123456@Aa
SID2609024972,123456@Aa
SID2609024915,123456@Aa
SID2609024918,123456@Aa
SID2609024346,123456@Aa
SID2609024921,123456@Aa
SID2609024349,123456@Aa
SID2609024975,123456@Aa
SID2609024352,123456@Aa
SID2609024926,123456@Aa
SID2609024355,123456@Aa
SID2609024978,123456@Aa
SID2609024928,123456@Aa
SID2609024932,123456@Aa
SID2609024358,123456@Aa
SID2609024935,123456@Aa
SID2609024361,123456@Aa
SID2609024364,123456@Aa
SID2609024367,123456@Aa
SID2609024982,123456@Aa
SID2609024370,123456@Aa
SID2609024373,123456@Aa
SID2609024985,123456@Aa
SID2609024938,123456@Aa
SID2609024988,123456@Aa
SID2609024941,123456@Aa
SID2609024945,123456@Aa
SID2609024948,123456@Aa
SID2609024991,123456@Aa
SID2609024951,123456@Aa
SID2609024994,123456@Aa
SID2609024954,123456@Aa
SID2609024997,123456@Aa
SID2609025000,123456@Aa
SID2609024956,123456@Aa
SID2609024960,123456@Aa
SID2609025003,123456@Aa
SID2609024963,123456@Aa
SID2609025006,123456@Aa
SID2609024966,123456@Aa
SID2609024968,123456@Aa
SID2609024376,123456@Aa
SID2609025008,123456@Aa
SID2609025011,123456@Aa
SID2609025014,123456@Aa
SID2609024971,123456@Aa
SID2609025017,123456@Aa
SID2609024379,123456@Aa
SID2609025020,123456@Aa
SID2609025023,123456@Aa
SID2609025026,123456@Aa
SID2609025029,123456@Aa
SID2609024974,123456@Aa
SID2609025032,123456@Aa
SID2609024977,123456@Aa
SID2609024980,123456@Aa
SID2609025035,123456@Aa
SID2609024382,123456@Aa
SID2609024386,123456@Aa
SID2609024390,123456@Aa
SID2609024393,123456@Aa
SID2609024983,123456@Aa
SID2609025037,123456@Aa
SID2609025040,123456@Aa
SID2609025043,123456@Aa
SID2609024986,123456@Aa
SID2609024989,123456@Aa
SID2609025046,123456@Aa
SID2609024992,123456@Aa
SID2609024394,123456@Aa
SID2609025050,123456@Aa
SID2609024995,123456@Aa
SID2609025053,123456@Aa
SID2609024999,123456@Aa
SID2609025002,123456@Aa
SID2609024397,123456@Aa
SID2609025056,123456@Aa
SID2609024400,123456@Aa
SID2609025059,123456@Aa
SID2609025063,123456@Aa
SID2609024403,123456@Aa
SID2609025005,123456@Aa
SID2609024406,123456@Aa
SID2609024408,123456@Aa
SID2609025009,123456@Aa
SID2609024412,123456@Aa
SID2609025013,123456@Aa
SID2609024414,123456@Aa
SID2609025066,123456@Aa
SID2609025016,123456@Aa
SID2609025019,123456@Aa
SID2609025069,123456@Aa
SID2609025022,123456@Aa
SID2609025024,123456@Aa
SID2609025027,123456@Aa
SID2609025072,123456@Aa
SID2609025030,123456@Aa
SID2609025075,123456@Aa
SID2609025078,123456@Aa
SID2609025033,123456@Aa
SID2609024418,123456@Aa
SID2609025081,123456@Aa
SID2609024421,123456@Aa
SID2609025084,123456@Aa
SID2609025036,123456@Aa
SID2609025087,123456@Aa
SID2609025089,123456@Aa
SID2609025039,123456@Aa
SID2609024424,123456@Aa
SID2609025093,123456@Aa
SID2609025095,123456@Aa
SID2609024427,123456@Aa
SID2609025042,123456@Aa
SID2609025045,123456@Aa
SID2609025048,123456@Aa
SID2609025051,123456@Aa
SID2609024430,123456@Aa
SID2609025098,123456@Aa
SID2609025100,123456@Aa
SID2609025103,123456@Aa
SID2609025054,123456@Aa
SID2609025058,123456@Aa
SID2609025106,123456@Aa
SID2609025109,123456@Aa
SID2609025061,123456@Aa
SID2609025112,123456@Aa
SID2609025114,123456@Aa
SID2609025117,123456@Aa
SID2609024433,123456@Aa
SID2609024436,123456@Aa
SID2609024438,123456@Aa
SID2609024440,123456@Aa
SID2609024443,123456@Aa
SID2609024447,123456@Aa
SID2609025064,123456@Aa
SID2609024450,123456@Aa
SID2609025067,123456@Aa
SID2609025070,123456@Aa
SID2609025120,123456@Aa
SID2609024452,123456@Aa
SID2609024455,123456@Aa
SID2609025123,123456@Aa
SID2609025073,123456@Aa
SID2609024458,123456@Aa
SID2609025126,123456@Aa
SID2609024461,123456@Aa
SID2609025130,123456@Aa
SID2609025132,123456@Aa
SID2609025076,123456@Aa
SID2609025135,123456@Aa
SID2609024464,123456@Aa
SID2609024467,123456@Aa
SID2609025080,123456@Aa
SID2609025083,123456@Aa
SID2609024470,123456@Aa
SID2609025086,123456@Aa
SID2609025138,123456@Aa
SID2609025090,123456@Aa
SID2609025141,123456@Aa
SID2609024473,123456@Aa
SID2609024476,123456@Aa
SID2609024479,123456@Aa
SID2609024482,123456@Aa
SID2609025092,123456@Aa
SID2609024485,123456@Aa
SID2609025144,123456@Aa
SID2609024488,123456@Aa
SID2609025147,123456@Aa
SID2609024491,123456@Aa
SID2609025150,123456@Aa
SID2609025153,123456@Aa
SID2609025096,123456@Aa
SID2609025099,123456@Aa
SID2609025102,123456@Aa
SID2609025105,123456@Aa
SID2609025108,123456@Aa
SID2609024494,123456@Aa
SID2609024497,123456@Aa
SID2609024500,123456@Aa
SID2609025156,123456@Aa
SID2609025111,123456@Aa
SID2609025115,123456@Aa
SID2609025118,123456@Aa
SID2609025159,123456@Aa
SID2609025121,123456@Aa
SID2609024503,123456@Aa
SID2609025124,123456@Aa
SID2609025127,123456@Aa
SID2609025129,123456@Aa
SID2609025133,123456@Aa
SID2609025136,123456@Aa
SID2609024506,123456@Aa
SID2609024508,123456@Aa
SID2609024510,123456@Aa
SID2609025139,123456@Aa
SID2609025142,123456@Aa
SID2609024513,123456@Aa
SID2609025145,123456@Aa
SID2609025148,123456@Aa
SID2609025151,123456@Aa
SID2609024517,123456@Aa
SID2609024520,123456@Aa
SID2609025155,123456@Aa
SID2609025158,123456@Aa
SID2609025162,123456@Aa
SID2609024523,123456@Aa
SID2609024526,123456@Aa
SID2609024529,123456@Aa
SID2609024531,123456@Aa
SID2609025161,123456@Aa
SID2609025165,123456@Aa
SID2609025164,123456@Aa
SID2609025168,123456@Aa
SID2609025171,123456@Aa
SID2609024534,123456@Aa
SID2609024537,123456@Aa
SID2609025174,123456@Aa
SID2609024540,123456@Aa
SID2609024543,123456@Aa
SID2609025167,123456@Aa
SID2609025170,123456@Aa
SID2609025177,123456@Aa
SID2609025173,123456@Aa
SID2609025176,123456@Aa
SID2609024546,123456@Aa
SID2609025180,123456@Aa
SID2609025179,123456@Aa
SID2609024549,123456@Aa
SID2609025182,123456@Aa
SID2609024552,123456@Aa
SID2609025183,123456@Aa
SID2609025185,123456@Aa
SID2609025188,123456@Aa
SID2609024555,123456@Aa
SID2609024558,123456@Aa
SID2609025186,123456@Aa
SID2609025192,123456@Aa
SID2609025189,123456@Aa
SID2609024560,123456@Aa
SID2609025191,123456@Aa
SID2609024562,123456@Aa
SID2609024565,123456@Aa
SID2609025194,123456@Aa
SID2609025195,123456@Aa
SID2609024568,123456@Aa
SID2609025198,123456@Aa
SID2609025201,123456@Aa
SID2609024571,123456@Aa
SID2609025203,123456@Aa
SID2609025197,123456@Aa
SID2609025207,123456@Aa
SID2609025200,123456@Aa
SID2609024573,123456@Aa
SID2609024577,123456@Aa
SID2609025210,123456@Aa
SID2609025205,123456@Aa
SID2609025208,123456@Aa
SID2609025211,123456@Aa
SID2609025213,123456@Aa
SID2609024578,123456@Aa
SID2609024581,123456@Aa
SID2609025214,123456@Aa
SID2609024584,123456@Aa
SID2609025216,123456@Aa
SID2609025219,123456@Aa
SID2609025217,123456@Aa
SID2609025222,123456@Aa
SID2609025220,123456@Aa
SID2609025225,123456@Aa
SID2609024585,123456@Aa
SID2609025228,123456@Aa
SID2609025230,123456@Aa
SID2609025223,123456@Aa
SID2609025226,123456@Aa
SID2609025229,123456@Aa
SID2609025232,123456@Aa
SID2609025234,123456@Aa
SID2609025237,123456@Aa
SID2609025236,123456@Aa
SID2609025240,123456@Aa
SID2609025239,123456@Aa
SID2609025242,123456@Aa
SID2609025246,123456@Aa
SID2609025249,123456@Aa
SID2609025252,123456@Aa
SID2609025255,123456@Aa
SID2609024588,123456@Aa
SID2609025259,123456@Aa
SID2609025243,123456@Aa
SID2609025245,123456@Aa
SID2609025262,123456@Aa
SID2609024591,123456@Aa
SID2609024594,123456@Aa
SID2609025248,123456@Aa
SID2609025263,123456@Aa
SID2609025251,123456@Aa
SID2609025267,123456@Aa
SID2609024597,123456@Aa
SID2609025270,123456@Aa
SID2609025254,123456@Aa
SID2609024600,123456@Aa
SID2609025273,123456@Aa
SID2609025258,123456@Aa
SID2609025261,123456@Aa
SID2609025276,123456@Aa
SID2609025279,123456@Aa
SID2609025282,123456@Aa
SID2609025265,123456@Aa
SID2609024601,123456@Aa
SID2609024604,123456@Aa
SID2609024607,123456@Aa
SID2609024610,123456@Aa
SID2609024614,123456@Aa
SID2609024616,123456@Aa
SID2609024621,123456@Aa
SID2609024624,123456@Aa
SID2609025285,123456@Aa
SID2609024627,123456@Aa
SID2609024630,123456@Aa
SID2609025268,123456@Aa
SID2609025271,123456@Aa
SID2609025288,123456@Aa
SID2609024633,123456@Aa
SID2609024636,123456@Aa
SID2609024638,123456@Aa
SID2609024641,123456@Aa
SID2609024644,123456@Aa
SID2609024648,123456@Aa
SID2609024651,123456@Aa
SID2609024653,123456@Aa
SID2609024656,123456@Aa
SID2609024660,123456@Aa
SID2609025274,123456@Aa
SID2609025291,123456@Aa
SID2609025277,123456@Aa
SID2609025280,123456@Aa
SID2609025294,123456@Aa
SID2609024662,123456@Aa
SID2609024665,123456@Aa
SID2609025284,123456@Aa
SID2609025297,123456@Aa
SID2609025287,123456@Aa
SID2609025299,123456@Aa
SID2609024668,123456@Aa
SID2609024672,123456@Aa
SID2609025302,123456@Aa
SID2609024674,123456@Aa
SID2609024677,123456@Aa
SID2609025290,123456@Aa
SID2609025305,123456@Aa
SID2609025308,123456@Aa
SID2609024680,123456@Aa
SID2609025293,123456@Aa
SID2609025296,123456@Aa
SID2609025312,123456@Aa
SID2609025300,123456@Aa
SID2609024684,123456@Aa
SID2609025314,123456@Aa
SID2609025303,123456@Aa
SID2609025318,123456@Aa
SID2609025306,123456@Aa
SID2609025321,123456@Aa
SID2609025309,123456@Aa
SID2609025325,123456@Aa
SID2609025329,123456@Aa
SID2609024687,123456@Aa
SID2609025332,123456@Aa
SID2609025334,123456@Aa
SID2609025311,123456@Aa
SID2609024689,123456@Aa
SID2609024692,123456@Aa
SID2609025338,123456@Aa
SID2609025316,123456@Aa
SID2609025319,123456@Aa
SID2609024695,123456@Aa
SID2609025341,123456@Aa
SID2609025345,123456@Aa
SID2609025322,123456@Aa
SID2609025324,123456@Aa
SID2609024699,123456@Aa
SID2609025327,123456@Aa
SID2609025347,123456@Aa
SID2609025331,123456@Aa
SID2609025335,123456@Aa
SID2609025337,123456@Aa
SID2609024702,123456@Aa
SID2609025350,123456@Aa
SID2609025340,123456@Aa
SID2609025343,123456@Aa
SID2609025346,123456@Aa
SID2609025353,123456@Aa
SID2609025357,123456@Aa
SID2609025360,123456@Aa
SID2609025363,123456@Aa
SID2609025349,123456@Aa
SID2609024705,123456@Aa
SID2609025352,123456@Aa
SID2609025355,123456@Aa
SID2609024708,123456@Aa
SID2609025366,123456@Aa
SID2609025358,123456@Aa
SID2609025368,123456@Aa
SID2609025372,123456@Aa
SID2609024711,123456@Aa
SID2609025361,123456@Aa
SID2609025364,123456@Aa
SID2609024713,123456@Aa
SID2609025375,123456@Aa
SID2609025367,123456@Aa
SID2609025378,123456@Aa
SID2609025381,123456@Aa
SID2609025383,123456@Aa
SID2609025370,123456@Aa
SID2609025374,123456@Aa
SID2609025376,123456@Aa
SID2609025387,123456@Aa
SID2609024716,123456@Aa
SID2609025379,123456@Aa
SID2609024719,123456@Aa
SID2609024722,123456@Aa
SID2609025390,123456@Aa
SID2609024725,123456@Aa
SID2609025393,123456@Aa
SID2609025396,123456@Aa
SID2609024728,123456@Aa
SID2609024731,123456@Aa
SID2609025399,123456@Aa
SID2609024735,123456@Aa
SID2609024737,123456@Aa
SID2609024741,123456@Aa
SID2609025382,123456@Aa
SID2609025385,123456@Aa
SID2609024743,123456@Aa
SID2609024746,123456@Aa
SID2609025388,123456@Aa
SID2609024748,123456@Aa
SID2609024752,123456@Aa
SID2609025402,123456@Aa
SID2609025406,123456@Aa
SID2609024755,123456@Aa
SID2609024758,123456@Aa
SID2609025409,123456@Aa
SID2609025391,123456@Aa
SID2609025412,123456@Aa
SID2609025394,123456@Aa
SID2609024761,123456@Aa
SID2609025415,123456@Aa
SID2609024764,123456@Aa
SID2609024767,123456@Aa
SID2609025417,123456@Aa
SID2609024770,123456@Aa
SID2609024773,123456@Aa
SID2609025420,123456@Aa
SID2609025397,123456@Aa
SID2609025424,123456@Aa
SID2609025427,123456@Aa
SID2609025400,123456@Aa
SID2609024776,123456@Aa
SID2609025403,123456@Aa
SID2609024779,123456@Aa
SID2609024782,123456@Aa
SID2609024785,123456@Aa
SID2609025430,123456@Aa
SID2609025433,123456@Aa
SID2609025405,123456@Aa
SID2609025408,123456@Aa
SID2609025411,123456@Aa
SID2609025414,123456@Aa
SID2609025418,123456@Aa
SID2609024787,123456@Aa
SID2609025421,123456@Aa
SID2609025425,123456@Aa
SID2609024791,123456@Aa
SID2609025428,123456@Aa
SID2609025435,123456@Aa
SID2609025438,123456@Aa
SID2609024792,123456@Aa
SID2609024796,123456@Aa
SID2609024799,123456@Aa
SID2609024801,123456@Aa
SID2609024805,123456@Aa
SID2609025431,123456@Aa
SID2609025434,123456@Aa
SID2609025441,123456@Aa
SID2609025444,123456@Aa
SID2609025448,123456@Aa
SID2609025437,123456@Aa
SID2609024810,123456@Aa
SID2609025440,123456@Aa
SID2609025442,123456@Aa
SID2609025450,123456@Aa
SID2609025453,123456@Aa
SID2609025456,123456@Aa
SID2609025459,123456@Aa
SID2609025445,123456@Aa
SID2609025464,123456@Aa
SID2609024812,123456@Aa
SID2609025447,123456@Aa
SID2609024815,123456@Aa
SID2609024818,123456@Aa
SID2609025466,123456@Aa
SID2609025451,123456@Aa
SID2609024821,123456@Aa
SID2609025469,123456@Aa
SID2609024823,123456@Aa
SID2609025473,123456@Aa
SID2609025476,123456@Aa
SID2609025454,123456@Aa
SID2609024826,123456@Aa
SID2609025478,123456@Aa
SID2609025481,123456@Aa
SID2609025457,123456@Aa
SID2609025485,123456@Aa
SID2609024829,123456@Aa
SID2609024832,123456@Aa
SID2609025488,123456@Aa
SID2609024835,123456@Aa
SID2609024837,123456@Aa
SID2609025490,123456@Aa
SID2609025493,123456@Aa
SID2609025496,123456@Aa
SID2609025499,123456@Aa
SID2609024840,123456@Aa
SID2609025460,123456@Aa
SID2609025462,123456@Aa
SID2609024843,123456@Aa
SID2609025502,123456@Aa
SID2609025467,123456@Aa
SID2609025505,123456@Aa
SID2609025508,123456@Aa
SID2609024846,123456@Aa
SID2609025470,123456@Aa
SID2609025472,123456@Aa
SID2609025511,123456@Aa
SID2609024849,123456@Aa
SID2609025475,123456@Aa
SID2609024851,123456@Aa
SID2609025479,123456@Aa
SID2609025482,123456@Aa
SID2609024853,123456@Aa
SID2609024856,123456@Aa
SID2609025513,123456@Aa
SID2609025484,123456@Aa
SID2609024859,123456@Aa
SID2609025516,123456@Aa
SID2609025487,123456@Aa
SID2609025519,123456@Aa
SID2609025491,123456@Aa
SID2609025522,123456@Aa
SID2609024862,123456@Aa
SID2609025494,123456@Aa
SID2609025525,123456@Aa
SID2609025497,123456@Aa
SID2609025500,123456@Aa
SID2609025504,123456@Aa
SID2609024865,123456@Aa
SID2609025529,123456@Aa
SID2609024868,123456@Aa
SID2609025507,123456@Aa
SID2609025510,123456@Aa
SID2609025514,123456@Aa
SID2609024872,123456@Aa
SID2609025518,123456@Aa
SID2609025533,123456@Aa
SID2609024875,123456@Aa
SID2609025521,123456@Aa
SID2609025524,123456@Aa
SID2609024878,123456@Aa
SID2609025536,123456@Aa
SID2609024881,123456@Aa
SID2609025527,123456@Aa
SID2609025530,123456@Aa
SID2609024884,123456@Aa
SID2609025532,123456@Aa
SID2609025535,123456@Aa
SID2609025539,123456@Aa
SID2609024887,123456@Aa
SID2609025538,123456@Aa
SID2609024890,123456@Aa
SID2609025542,123456@Aa
SID2609024893,123456@Aa
SID2609024896,123456@Aa
SID2609024899,123456@Aa
SID2609025541,123456@Aa
SID2609025545,123456@Aa
SID2609025548,123456@Aa
SID2609024902,123456@Aa
SID2609024905,123456@Aa
SID2609025551,123456@Aa
SID2609025554,123456@Aa
SID2609025544,123456@Aa
SID2609024907,123456@Aa
SID2609024911,123456@Aa
SID2609025557,123456@Aa
SID2609025547,123456@Aa
SID2609025550,123456@Aa
SID2609025553,123456@Aa
SID2609025559,123456@Aa
SID2609025562,123456@Aa
SID2609025556,123456@Aa
SID2609025560,123456@Aa
SID2609025565,123456@Aa
SID2609025563,123456@Aa
SID2609025569,123456@Aa
SID2609025566,123456@Aa
SID2609025568,123456@Aa
SID2609024913,123456@Aa
SID2609025571,123456@Aa
SID2609024916,123456@Aa
SID2609025574,123456@Aa
SID2609025577,123456@Aa
SID2609024919,123456@Aa
SID2609025572,123456@Aa
SID2609024922,123456@Aa
SID2609024925,123456@Aa
SID2609024927,123456@Aa
SID2609025575,123456@Aa
SID2609025580,123456@Aa
SID2609025583,123456@Aa
SID2609025578,123456@Aa
SID2609025587,123456@Aa
SID2609025590,123456@Aa
SID2609025592,123456@Aa
SID2609025595,123456@Aa
SID2609025581,123456@Aa
SID2609025598,123456@Aa
SID2609025584,123456@Aa
SID2609024931,123456@Aa
SID2609024934,123456@Aa
SID2609024937,123456@Aa
SID2609025586,123456@Aa
SID2609024940,123456@Aa
SID2609025602,123456@Aa
SID2609024943,123456@Aa
SID2609025604,123456@Aa
SID2609025607,123456@Aa
SID2609025610,123456@Aa
SID2609025589,123456@Aa
SID2609024946,123456@Aa
SID2609025614,123456@Aa
SID2609025617,123456@Aa
SID2609024949,123456@Aa
SID2609025620,123456@Aa
SID2609025593,123456@Aa
SID2609025622,123456@Aa
SID2609025626,123456@Aa
SID2609025596,123456@Aa
SID2609024952,123456@Aa
SID2609024955,123456@Aa
SID2609025628,123456@Aa
SID2609025600,123456@Aa
SID2609024958,123456@Aa
SID2609025601,123456@Aa
SID2609025631,123456@Aa
SID2609025634,123456@Aa
SID2609025605,123456@Aa
SID2609025608,123456@Aa
SID2609024961,123456@Aa
SID2609024964,123456@Aa
SID2609025637,123456@Aa
SID2609025640,123456@Aa
SID2609024967,123456@Aa
SID2609025611,123456@Aa
SID2609024970,123456@Aa
SID2609024973,123456@Aa
SID2609025643,123456@Aa
SID2609025613,123456@Aa
SID2609024976,123456@Aa
SID2609025646,123456@Aa
SID2609024979,123456@Aa
SID2609025649,123456@Aa
SID2609025653,123456@Aa
SID2609025655,123456@Aa
SID2609025659,123456@Aa
SID2609025615,123456@Aa
SID2609025618,123456@Aa
SID2609025623,123456@Aa
SID2609024981,123456@Aa
SID2609025625,123456@Aa
SID2609024984,123456@Aa
SID2609024987,123456@Aa
SID2609024990,123456@Aa
SID2609025662,123456@Aa
SID2609024993,123456@Aa
SID2609025665,123456@Aa
SID2609024996,123456@Aa
SID2609024998,123456@Aa
SID2609025668,123456@Aa
SID2609025001,123456@Aa
SID2609025629,123456@Aa
SID2609025633,123456@Aa
SID2609025671,123456@Aa
SID2609025636,123456@Aa
SID2609025674,123456@Aa
SID2609025004,123456@Aa
SID2609025639,123456@Aa
SID2609025642,123456@Aa
SID2609025677,123456@Aa
SID2609025645,123456@Aa
SID2609025679,123456@Aa
SID2609025681,123456@Aa
SID2609025648,123456@Aa
SID2609025684,123456@Aa
SID2609025687,123456@Aa
SID2609025007,123456@Aa
SID2609025010,123456@Aa
SID2609025012,123456@Aa
SID2609025689,123456@Aa
SID2609025692,123456@Aa
SID2609025695,123456@Aa
SID2609025699,123456@Aa
SID2609025015,123456@Aa
SID2609025018,123456@Aa
SID2609025701,123456@Aa
SID2609025021,123456@Aa
SID2609025705,123456@Aa
SID2609025708,123456@Aa
SID2609025025,123456@Aa
SID2609025712,123456@Aa
SID2609025651,123456@Aa
SID2609025714,123456@Aa
SID2609025654,123456@Aa
SID2609025028,123456@Aa
SID2609025717,123456@Aa
SID2609025031,123456@Aa
SID2609025034,123456@Aa
SID2609025720,123456@Aa
SID2609025723,123456@Aa
SID2609025038,123456@Aa
SID2609025726,123456@Aa
SID2609025729,123456@Aa
SID2609025657,123456@Aa
SID2609025660,123456@Aa
SID2609025663,123456@Aa
SID2609025732,123456@Aa
SID2609025666,123456@Aa
SID2609025669,123456@Aa
SID2609025672,123456@Aa
SID2609025736,123456@Aa
SID2609025739,123456@Aa
SID2609025676,123456@Aa
SID2609025680,123456@Aa
SID2609025742,123456@Aa
SID2609025683,123456@Aa
SID2609025743,123456@Aa
SID2609025686,123456@Aa
SID2609025041,123456@Aa
SID2609025691,123456@Aa
SID2609025746,123456@Aa
SID2609025694,123456@Aa
SID2609025044,123456@Aa
SID2609025696,123456@Aa
SID2609025750,123456@Aa
SID2609025698,123456@Aa
SID2609025752,123456@Aa
SID2609025756,123456@Aa
SID2609025702,123456@Aa
SID2609025047,123456@Aa
SID2609025049,123456@Aa
SID2609025052,123456@Aa
SID2609025055,123456@Aa
SID2609025704,123456@Aa
SID2609025759,123456@Aa
SID2609025057,123456@Aa
SID2609025763,123456@Aa
SID2609025060,123456@Aa
SID2609025766,123456@Aa
SID2609025769,123456@Aa
SID2609025772,123456@Aa
SID2609025062,123456@Aa
SID2609025775,123456@Aa
SID2609025778,123456@Aa
SID2609025780,123456@Aa
SID2609025065,123456@Aa
SID2609025068,123456@Aa
SID2609025782,123456@Aa
SID2609025785,123456@Aa
SID2609025789,123456@Aa
SID2609025071,123456@Aa
SID2609025791,123456@Aa
SID2609025794,123456@Aa
SID2609025074,123456@Aa
SID2609025798,123456@Aa
SID2609025077,123456@Aa
SID2609025707,123456@Aa
SID2609025711,123456@Aa
SID2609025715,123456@Aa
SID2609025718,123456@Aa
SID2609025079,123456@Aa
SID2609025801,123456@Aa
SID2609025722,123456@Aa
SID2609025803,123456@Aa
SID2609025806,123456@Aa
SID2609025082,123456@Aa
SID2609025085,123456@Aa
SID2609025809,123456@Aa
SID2609025812,123456@Aa
SID2609025088,123456@Aa
SID2609025725,123456@Aa
SID2609025091,123456@Aa
SID2609025728,123456@Aa
SID2609025094,123456@Aa
SID2609025815,123456@Aa
SID2609025097,123456@Aa
SID2609025818,123456@Aa
SID2609025101,123456@Aa
SID2609025821,123456@Aa
SID2609025731,123456@Aa
SID2609025824,123456@Aa
SID2609025735,123456@Aa
SID2609025104,123456@Aa
SID2609025737,123456@Aa
SID2609025107,123456@Aa
SID2609025827,123456@Aa
SID2609025830,123456@Aa
SID2609025110,123456@Aa
SID2609025741,123456@Aa
SID2609025833,123456@Aa
SID2609025113,123456@Aa
SID2609025745,123456@Aa
SID2609025116,123456@Aa
SID2609025836,123456@Aa
SID2609025119,123456@Aa
SID2609025748,123456@Aa
SID2609025839,123456@Aa
SID2609025842,123456@Aa
SID2609025122,123456@Aa
SID2609025125,123456@Aa
SID2609025751,123456@Aa
SID2609025754,123456@Aa
SID2609025128,123456@Aa
SID2609025757,123456@Aa
SID2609025845,123456@Aa
SID2609025848,123456@Aa
SID2609025760,123456@Aa
SID2609025851,123456@Aa
SID2609025854,123456@Aa
SID2609025762,123456@Aa
SID2609025131,123456@Aa
SID2609025765,123456@Aa
SID2609025134,123456@Aa
SID2609025857,123456@Aa
SID2609025768,123456@Aa
SID2609025860,123456@Aa
SID2609025137,123456@Aa
SID2609025863,123456@Aa
SID2609025140,123456@Aa
SID2609025771,123456@Aa
SID2609025774,123456@Aa
SID2609025777,123456@Aa
SID2609025866,123456@Aa
SID2609025869,123456@Aa
SID2609025143,123456@Aa
SID2609025146,123456@Aa
SID2609025872,123456@Aa
SID2609025875,123456@Aa
SID2609025878,123456@Aa
SID2609025781,123456@Aa
SID2609025881,123456@Aa
SID2609025149,123456@Aa
SID2609025784,123456@Aa
SID2609025884,123456@Aa
SID2609025787,123456@Aa
SID2609025152,123456@Aa
SID2609025154,123456@Aa
SID2609025889,123456@Aa
SID2609025892,123456@Aa
SID2609025894,123456@Aa
SID2609025897,123456@Aa
SID2609025157,123456@Aa
SID2609025160,123456@Aa
SID2609025163,123456@Aa
SID2609025900,123456@Aa
SID2609025790,123456@Aa
SID2609025793,123456@Aa
SID2609025796,123456@Aa
SID2609025903,123456@Aa
SID2609025906,123456@Aa
SID2609025909,123456@Aa
SID2609025913,123456@Aa
SID2609025166,123456@Aa
SID2609025169,123456@Aa
SID2609025916,123456@Aa
SID2609025799,123456@Aa
SID2609025172,123456@Aa
SID2609025919,123456@Aa
SID2609025175,123456@Aa
SID2609025178,123456@Aa
SID2609025802,123456@Aa
SID2609025181,123456@Aa
SID2609025805,123456@Aa
SID2609025922,123456@Aa
SID2609025925,123456@Aa
SID2609025808,123456@Aa
SID2609025184,123456@Aa
SID2609025187,123456@Aa
SID2609025190,123456@Aa
SID2609025193,123456@Aa
SID2609025196,123456@Aa
SID2609025928,123456@Aa
SID2609025932,123456@Aa
SID2609025811,123456@Aa
SID2609025814,123456@Aa
SID2609025817,123456@Aa
SID2609025820,123456@Aa
SID2609025199,123456@Aa
SID2609025935,123456@Aa
SID2609025202,123456@Aa
SID2609025204,123456@Aa
SID2609025823,123456@Aa
SID2609025206,123456@Aa
SID2609025938,123456@Aa
SID2609025209,123456@Aa
SID2609025212,123456@Aa
SID2609025215,123456@Aa
SID2609025218,123456@Aa
SID2609025221,123456@Aa
SID2609025224,123456@Aa
SID2609025941,123456@Aa
SID2609025227,123456@Aa
SID2609025231,123456@Aa
SID2609025826,123456@Aa
SID2609025829,123456@Aa
SID2609025945,123456@Aa
SID2609025948,123456@Aa
SID2609025832,123456@Aa
SID2609025835,123456@Aa
SID2609025233,123456@Aa
SID2609025838,123456@Aa
SID2609025841,123456@Aa
SID2609025951,123456@Aa
SID2609025235,123456@Aa
SID2609025238,123456@Aa
SID2609025954,123456@Aa
SID2609025956,123456@Aa
SID2609025241,123456@Aa
SID2609025844,123456@Aa
SID2609025960,123456@Aa
SID2609025244,123456@Aa
SID2609025247,123456@Aa
SID2609025250,123456@Aa
SID2609025963,123456@Aa
SID2609025253,123456@Aa
SID2609025966,123456@Aa
SID2609025256,123456@Aa
SID2609025257,123456@Aa
SID2609025846,123456@Aa
SID2609025260,123456@Aa
SID2609025849,123456@Aa
SID2609025853,123456@Aa
SID2609025969,123456@Aa
SID2609025264,123456@Aa
SID2609025266,123456@Aa
SID2609025856,123456@Aa
SID2609025858,123456@Aa
SID2609025973,123456@Aa
SID2609025976,123456@Aa
SID2609025978,123456@Aa
SID2609025861,123456@Aa
SID2609025864,123456@Aa
SID2609025983,123456@Aa
SID2609025867,123456@Aa
SID2609025269,123456@Aa
SID2609025272,123456@Aa
SID2609025275,123456@Aa
SID2609025986,123456@Aa
SID2609025278,123456@Aa
SID2609025281,123456@Aa
SID2609025870,123456@Aa
SID2609025283,123456@Aa
SID2609025873,123456@Aa
SID2609025286,123456@Aa
SID2609025989,123456@Aa
SID2609025876,123456@Aa
SID2609025289,123456@Aa
SID2609025879,123456@Aa
SID2609025992,123456@Aa
SID2609025995,123456@Aa
SID2609025292,123456@Aa
SID2609025882,123456@Aa
SID2609025885,123456@Aa
SID2609025999,123456@Aa
SID2609025295,123456@Aa
SID2609025298,123456@Aa
SID2609025301,123456@Aa
SID2609025887,123456@Aa
SID2609026002,123456@Aa
SID2609026005,123456@Aa
SID2609025304,123456@Aa
SID2609026009,123456@Aa
SID2609026012,123456@Aa
SID2609026015,123456@Aa
SID2609025307,123456@Aa
SID2609026018,123456@Aa
SID2609025310,123456@Aa
SID2609025313,123456@Aa
SID2609025315,123456@Aa
SID2609025317,123456@Aa
SID2609025320,123456@Aa
SID2609025323,123456@Aa
SID2609025326,123456@Aa
SID2609025328,123456@Aa
SID2609025330,123456@Aa
SID2609025890,123456@Aa
SID2609025333,123456@Aa
SID2609026022,123456@Aa
SID2609025336,123456@Aa
SID2609025339,123456@Aa
SID2609026025,123456@Aa
SID2609025342,123456@Aa
SID2609026028,123456@Aa
SID2609025344,123456@Aa
SID2609026031,123456@Aa
SID2609026034,123456@Aa
SID2609026037,123456@Aa
SID2609026041,123456@Aa
SID2609025895,123456@Aa
SID2609025898,123456@Aa
SID2609025901,123456@Aa
SID2609025904,123456@Aa
SID2609025348,123456@Aa
SID2609026044,123456@Aa
SID2609025351,123456@Aa
SID2609025354,123456@Aa
SID2609025907,123456@Aa
SID2609025910,123456@Aa
SID2609026047,123456@Aa
SID2609026050,123456@Aa
SID2609025356,123456@Aa
SID2609025359,123456@Aa
SID2609025912,123456@Aa
SID2609026053,123456@Aa
SID2609025362,123456@Aa
SID2609025915,123456@Aa
SID2609025918,123456@Aa
SID2609025921,123456@Aa
SID2609025924,123456@Aa
SID2609026055,123456@Aa
SID2609026058,123456@Aa
SID2609026061,123456@Aa
SID2609025927,123456@Aa
SID2609026064,123456@Aa
SID2609026067,123456@Aa
SID2609026071,123456@Aa
SID2609025930,123456@Aa
SID2609025933,123456@Aa
SID2609025936,123456@Aa
SID2609025365,123456@Aa
SID2609026074,123456@Aa
SID2609026077,123456@Aa
SID2609026080,123456@Aa
SID2609026084,123456@Aa
SID2609025939,123456@Aa
SID2609025369,123456@Aa
SID2609025942,123456@Aa
SID2609025944,123456@Aa
SID2609026087,123456@Aa
SID2609025946,123456@Aa
SID2609025950,123456@Aa
SID2609025953,123456@Aa
SID2609025371,123456@Aa
SID2609025957,123456@Aa
SID2609025959,123456@Aa
SID2609026089,123456@Aa
SID2609026092,123456@Aa
SID2609025373,123456@Aa
SID2609025377,123456@Aa
SID2609025380,123456@Aa
SID2609025962,123456@Aa
SID2609025384,123456@Aa
SID2609026095,123456@Aa
SID2609026098,123456@Aa
SID2609025965,123456@Aa
SID2609025968,123456@Aa
SID2609026101,123456@Aa
SID2609025386,123456@Aa
SID2609025389,123456@Aa
SID2609025971,123456@Aa
SID2609025392,123456@Aa
SID2609025395,123456@Aa
SID2609025975,123456@Aa
SID2609025398,123456@Aa
SID2609026104,123456@Aa
SID2609026107,123456@Aa
SID2609026109,123456@Aa
SID2609026112,123456@Aa
SID2609025979,123456@Aa
SID2609025401,123456@Aa
SID2609026115,123456@Aa
SID2609025404,123456@Aa
SID2609026119,123456@Aa
SID2609025982,123456@Aa
SID2609026122,123456@Aa
SID2609025407,123456@Aa
SID2609026125,123456@Aa
SID2609025410,123456@Aa
SID2609025413,123456@Aa
SID2609025985,123456@Aa
SID2609026128,123456@Aa
SID2609025988,123456@Aa
SID2609025991,123456@Aa
SID2609026131,123456@Aa
SID2609025416,123456@Aa
SID2609025419,123456@Aa
SID2609025994,123456@Aa
SID2609025997,123456@Aa
SID2609026134,123456@Aa
SID2609026000,123456@Aa
SID2609026003,123456@Aa
SID2609026006,123456@Aa
SID2609025422,123456@Aa
SID2609026008,123456@Aa
SID2609026011,123456@Aa
SID2609026137,123456@Aa
SID2609026014,123456@Aa
SID2609026017,123456@Aa
SID2609026020,123456@Aa
SID2609026023,123456@Aa
SID2609025423,123456@Aa
SID2609026026,123456@Aa
SID2609025426,123456@Aa
SID2609025429,123456@Aa
SID2609026029,123456@Aa
SID2609025432,123456@Aa
SID2609026032,123456@Aa
SID2609026140,123456@Aa
SID2609026035,123456@Aa
SID2609026038,123456@Aa
SID2609026042,123456@Aa
SID2609025436,123456@Aa
SID2609026143,123456@Aa
SID2609025439,123456@Aa
SID2609025443,123456@Aa
SID2609025446,123456@Aa
SID2609025449,123456@Aa
SID2609026146,123456@Aa
SID2609025452,123456@Aa
SID2609025455,123456@Aa
SID2609026149,123456@Aa
SID2609026152,123456@Aa
SID2609026155,123456@Aa
SID2609026158,123456@Aa
SID2609025458,123456@Aa
SID2609026161,123456@Aa
SID2609025461,123456@Aa
SID2609026045,123456@Aa
SID2609025463,123456@Aa
SID2609025465,123456@Aa
SID2609025468,123456@Aa
SID2609025471,123456@Aa
SID2609026164,123456@Aa
SID2609026048,123456@Aa
SID2609026169,123456@Aa
SID2609025474,123456@Aa
SID2609026051,123456@Aa
SID2609025477,123456@Aa
SID2609026054,123456@Aa
SID2609025480,123456@Aa
SID2609026057,123456@Aa
SID2609026172,123456@Aa
SID2609026060,123456@Aa
SID2609025483,123456@Aa
SID2609026063,123456@Aa
SID2609026175,123456@Aa
SID2609026178,123456@Aa
SID2609025486,123456@Aa
SID2609026066,123456@Aa
SID2609026182,123456@Aa
SID2609026186,123456@Aa
SID2609026189,123456@Aa
SID2609025489,123456@Aa
SID2609026069,123456@Aa
SID2609026192,123456@Aa
SID2609026072,123456@Aa
SID2609026195,123456@Aa
SID2609025492,123456@Aa
SID2609026076,123456@Aa
SID2609025495,123456@Aa
SID2609026197,123456@Aa
SID2609026201,123456@Aa
SID2609026079,123456@Aa
SID2609026204,123456@Aa
SID2609026082,123456@Aa
SID2609025498,123456@Aa
SID2609026208,123456@Aa
SID2609026212,123456@Aa
SID2609026085,123456@Aa
SID2609026088,123456@Aa
SID2609025501,123456@Aa
SID2609025503,123456@Aa
SID2609025506,123456@Aa
SID2609026215,123456@Aa
SID2609026091,123456@Aa
SID2609026094,123456@Aa
SID2609025509,123456@Aa
SID2609026218,123456@Aa
SID2609026097,123456@Aa
SID2609025512,123456@Aa
SID2609026220,123456@Aa
SID2609025515,123456@Aa
SID2609026223,123456@Aa
SID2609026227,123456@Aa
SID2609026100,123456@Aa
SID2609026102,123456@Aa
SID2609026229,123456@Aa
SID2609026233,123456@Aa
SID2609026105,123456@Aa
SID2609026236,123456@Aa
SID2609026239,123456@Aa
SID2609025517,123456@Aa
SID2609026243,123456@Aa
SID2609025520,123456@Aa
SID2609025523,123456@Aa
SID2609025526,123456@Aa
SID2609026108,123456@Aa
SID2609026246,123456@Aa
SID2609026250,123456@Aa
SID2609026111,123456@Aa
SID2609025528,123456@Aa
SID2609026114,123456@Aa
SID2609025531,123456@Aa
SID2609026117,123456@Aa
SID2609026253,123456@Aa
SID2609026256,123456@Aa
SID2609026120,123456@Aa
SID2609026123,123456@Aa
SID2609025534,123456@Aa
SID2609026127,123456@Aa
SID2609026130,123456@Aa
SID2609026259,123456@Aa
SID2609025537,123456@Aa
SID2609026261,123456@Aa
SID2609025540,123456@Aa
SID2609025543,123456@Aa
SID2609026264,123456@Aa
SID2609026133,123456@Aa
SID2609025546,123456@Aa
SID2609025549,123456@Aa
SID2609026136,123456@Aa
SID2609025552,123456@Aa
SID2609025555,123456@Aa
SID2609026139,123456@Aa
SID2609025558,123456@Aa
SID2609026268,123456@Aa
SID2609026271,123456@Aa
SID2609026274,123456@Aa
SID2609026142,123456@Aa
SID2609026278,123456@Aa
SID2609025561,123456@Aa
SID2609025564,123456@Aa
SID2609026281,123456@Aa
SID2609026284,123456@Aa
SID2609026287,123456@Aa
SID2609025567,123456@Aa
SID2609025570,123456@Aa
SID2609026145,123456@Aa
SID2609026291,123456@Aa
SID2609025573,123456@Aa
SID2609026293,123456@Aa
SID2609025576,123456@Aa
SID2609026148,123456@Aa
SID2609025579,123456@Aa
SID2609026151,123456@Aa
SID2609026295,123456@Aa
SID2609026153,123456@Aa
SID2609026156,123456@Aa
SID2609026159,123456@Aa
SID2609026298,123456@Aa
SID2609026162,123456@Aa
SID2609026301,123456@Aa
SID2609026166,123456@Aa
SID2609025582,123456@Aa
SID2609026168,123456@Aa
SID2609026171,123456@Aa
SID2609026174,123456@Aa
SID2609026177,123456@Aa
SID2609026180,123456@Aa
SID2609026304,123456@Aa
SID2609026307,123456@Aa
SID2609025585,123456@Aa
SID2609026310,123456@Aa
SID2609025588,123456@Aa
SID2609026313,123456@Aa
SID2609026184,123456@Aa
SID2609026316,123456@Aa
SID2609026319,123456@Aa
SID2609026188,123456@Aa
SID2609025591,123456@Aa
SID2609026322,123456@Aa
SID2609025594,123456@Aa
SID2609025597,123456@Aa
SID2609026191,123456@Aa
SID2609025599,123456@Aa
SID2609025603,123456@Aa
SID2609026326,123456@Aa
SID2609026330,123456@Aa
SID2609026194,123456@Aa
SID2609025606,123456@Aa
SID2609026332,123456@Aa
SID2609026335,123456@Aa
SID2609025609,123456@Aa
SID2609026198,123456@Aa
SID2609025612,123456@Aa
SID2609026200,123456@Aa
SID2609026203,123456@Aa
SID2609026206,123456@Aa
SID2609025616,123456@Aa
SID2609026338,123456@Aa
SID2609026209,123456@Aa
SID2609026342,123456@Aa
SID2609026211,123456@Aa
SID2609025619,123456@Aa
SID2609026345,123456@Aa
SID2609026348,123456@Aa
SID2609026214,123456@Aa
SID2609025621,123456@Aa
SID2609026350,123456@Aa
SID2609025624,123456@Aa
SID2609026354,123456@Aa
SID2609026357,123456@Aa
SID2609026359,123456@Aa
SID2609026217,123456@Aa
SID2609026362,123456@Aa
SID2609025627,123456@Aa
SID2609026365,123456@Aa
SID2609026369,123456@Aa
SID2609026221,123456@Aa
SID2609026372,123456@Aa
SID2609026224,123456@Aa
SID2609026226,123456@Aa
SID2609026374,123456@Aa
SID2609026377,123456@Aa
SID2609025630,123456@Aa
SID2609025632,123456@Aa
SID2609026230,123456@Aa
SID2609026232,123456@Aa
SID2609026380,123456@Aa
SID2609026237,123456@Aa
SID2609025635,123456@Aa
SID2609026240,123456@Aa
SID2609026382,123456@Aa
SID2609025638,123456@Aa
SID2609026385,123456@Aa
SID2609026388,123456@Aa
SID2609025641,123456@Aa
SID2609026392,123456@Aa
SID2609025644,123456@Aa
SID2609025647,123456@Aa
SID2609026395,123456@Aa
SID2609026242,123456@Aa
SID2609026398,123456@Aa
SID2609026401,123456@Aa
SID2609026247,123456@Aa
SID2609026404,123456@Aa
SID2609025650,123456@Aa
SID2609026407,123456@Aa
SID2609026410,123456@Aa
SID2609026249,123456@Aa
SID2609026252,123456@Aa
SID2609026254,123456@Aa
SID2609025652,123456@Aa
SID2609025656,123456@Aa
SID2609026258,123456@Aa
SID2609026413,123456@Aa
SID2609025658,123456@Aa
SID2609026416,123456@Aa
SID2609025661,123456@Aa
SID2609026419,123456@Aa
SID2609026262,123456@Aa
SID2609026266,123456@Aa
SID2609026422,123456@Aa
SID2609025664,123456@Aa
SID2609026425,123456@Aa
SID2609025667,123456@Aa
SID2609026427,123456@Aa
SID2609025670,123456@Aa
SID2609025673,123456@Aa
SID2609026431,123456@Aa
SID2609026269,123456@Aa
SID2609026272,123456@Aa
SID2609026275,123456@Aa
SID2609026277,123456@Aa
SID2609025675,123456@Aa
SID2609025678,123456@Aa
SID2609026280,123456@Aa
SID2609025682,123456@Aa
SID2609026434,123456@Aa
SID2609025685,123456@Aa
SID2609026283,123456@Aa
SID2609025688,123456@Aa
SID2609026437,123456@Aa
SID2609026440,123456@Aa
SID2609026286,123456@Aa
SID2609026442,123456@Aa
SID2609026444,123456@Aa
SID2609026289,123456@Aa
SID2609026447,123456@Aa
SID2609025690,123456@Aa
SID2609026450,123456@Aa
SID2609025693,123456@Aa
SID2609026292,123456@Aa
SID2609025697,123456@Aa
SID2609026453,123456@Aa
SID2609025700,123456@Aa
SID2609026456,123456@Aa
SID2609026459,123456@Aa
SID2609025703,123456@Aa
SID2609026296,123456@Aa
SID2609025706,123456@Aa
SID2609026299,123456@Aa
SID2609026463,123456@Aa
SID2609026466,123456@Aa
SID2609025709,123456@Aa
SID2609026469,123456@Aa
SID2609026472,123456@Aa
SID2609026476,123456@Aa
SID2609026479,123456@Aa
SID2609025710,123456@Aa
SID2609026302,123456@Aa
SID2609026482,123456@Aa
SID2609026485,123456@Aa
SID2609025713,123456@Aa
SID2609026305,123456@Aa
SID2609026308,123456@Aa
SID2609025716,123456@Aa
SID2609026311,123456@Aa
SID2609025719,123456@Aa
SID2609026314,123456@Aa
SID2609026317,123456@Aa
SID2609026320,123456@Aa
SID2609025721,123456@Aa
SID2609025724,123456@Aa
SID2609026488,123456@Aa
SID2609026491,123456@Aa
SID2609025727,123456@Aa
SID2609025730,123456@Aa
SID2609026494,123456@Aa
SID2609025733,123456@Aa
SID2609025734,123456@Aa
SID2609026323,123456@Aa
SID2609026497,123456@Aa
SID2609026327,123456@Aa
SID2609025738,123456@Aa
SID2609025740,123456@Aa
SID2609025744,123456@Aa
SID2609026329,123456@Aa
SID2609026500,123456@Aa
SID2609026503,123456@Aa
SID2609026506,123456@Aa
SID2609026508,123456@Aa
SID2609025747,123456@Aa
SID2609026510,123456@Aa
SID2609026334,123456@Aa
SID2609026513,123456@Aa
SID2609025749,123456@Aa
SID2609026516,123456@Aa
SID2609026519,123456@Aa
SID2609026522,123456@Aa
SID2609026525,123456@Aa
SID2609026528,123456@Aa
SID2609026337,123456@Aa
SID2609026531,123456@Aa
SID2609026534,123456@Aa
SID2609026340,123456@Aa
SID2609026537,123456@Aa
SID2609026540,123456@Aa
SID2609026544,123456@Aa
SID2609025753,123456@Aa
SID2609025755,123456@Aa
SID2609026546,123456@Aa
SID2609026549,123456@Aa
SID2609026552,123456@Aa
SID2609026343,123456@Aa
SID2609026346,123456@Aa
SID2609026556,123456@Aa
SID2609026349,123456@Aa
SID2609025758,123456@Aa
SID2609025761,123456@Aa
SID2609026353,123456@Aa
SID2609025764,123456@Aa
SID2609026356,123456@Aa
SID2609026358,123456@Aa
SID2609026361,123456@Aa
SID2609026364,123456@Aa
SID2609025767,123456@Aa
SID2609025770,123456@Aa
SID2609026559,123456@Aa
SID2609026562,123456@Aa
SID2609026367,123456@Aa
SID2609026565,123456@Aa
SID2609026370,123456@Aa
SID2609026569,123456@Aa
SID2609026572,123456@Aa
SID2609026575,123456@Aa
SID2609026578,123456@Aa
SID2609026375,123456@Aa
SID2609026581,123456@Aa
SID2609026583,123456@Aa
SID2609026585,123456@Aa
SID2609025773,123456@Aa
SID2609026378,123456@Aa
SID2609025776,123456@Aa
SID2609026588,123456@Aa
SID2609026381,123456@Aa
SID2609026383,123456@Aa
SID2609026591,123456@Aa
SID2609026386,123456@Aa
SID2609026390,123456@Aa
SID2609025779,123456@Aa
SID2609026393,123456@Aa
SID2609026396,123456@Aa
SID2609026399,123456@Aa
SID2609026402,123456@Aa
SID2609025783,123456@Aa
SID2609026594,123456@Aa
SID2609025786,123456@Aa
SID2609025788,123456@Aa
SID2609025792,123456@Aa
SID2609025795,123456@Aa
SID2609025797,123456@Aa
SID2609026597,123456@Aa
SID2609026598,123456@Aa
SID2609026601,123456@Aa
SID2609026405,123456@Aa
SID2609026604,123456@Aa
SID2609025800,123456@Aa
SID2609026408,123456@Aa
SID2609026607,123456@Aa
SID2609026610,123456@Aa
SID2609025804,123456@Aa
SID2609025807,123456@Aa
SID2609025810,123456@Aa
SID2609026613,123456@Aa
SID2609026615,123456@Aa
SID2609026411,123456@Aa
SID2609026618,123456@Aa
SID2609026622,123456@Aa
SID2609026414,123456@Aa
SID2609026625,123456@Aa
SID2609026417,123456@Aa
SID2609026627,123456@Aa
SID2609026629,123456@Aa
SID2609026632,123456@Aa
SID2609025813,123456@Aa
SID2609026420,123456@Aa
SID2609026423,123456@Aa
SID2609026634,123456@Aa
SID2609026635,123456@Aa
SID2609026426,123456@Aa
SID2609025816,123456@Aa
SID2609026637,123456@Aa
SID2609026640,123456@Aa
SID2609026429,123456@Aa
SID2609026642,123456@Aa
SID2609026430,123456@Aa
SID2609026644,123456@Aa
SID2609026433,123456@Aa
SID2609026436,123456@Aa
SID2609026645,123456@Aa
SID2609026647,123456@Aa
SID2609025819,123456@Aa
SID2609026439,123456@Aa
SID2609025822,123456@Aa
SID2609025825,123456@Aa
SID2609026649,123456@Aa
SID2609026443,123456@Aa
SID2609026651,123456@Aa
SID2609026653,123456@Aa
SID2609026446,123456@Aa
SID2609025828,123456@Aa
SID2609026656,123456@Aa
SID2609026449,123456@Aa
SID2609025831,123456@Aa
SID2609025834,123456@Aa
SID2609026658,123456@Aa
SID2609026659,123456@Aa
SID2609026662,123456@Aa
SID2609026452,123456@Aa
SID2609025837,123456@Aa
SID2609025840,123456@Aa
SID2609026664,123456@Aa
SID2609026666,123456@Aa
SID2609025843,123456@Aa
SID2609025847,123456@Aa
SID2609026455,123456@Aa
SID2609025850,123456@Aa
SID2609026668,123456@Aa
SID2609026669,123456@Aa
SID2609025852,123456@Aa
SID2609026458,123456@Aa
SID2609026460,123456@Aa
SID2609026462,123456@Aa
SID2609026671,123456@Aa
SID2609026465,123456@Aa
SID2609026674,123456@Aa
SID2609026468,123456@Aa
SID2609026676,123456@Aa
SID2609026678,123456@Aa
SID2609026679,123456@Aa
SID2609025855,123456@Aa
SID2609025859,123456@Aa
SID2609026681,123456@Aa
SID2609025862,123456@Aa
SID2609026683,123456@Aa
SID2609025865,123456@Aa
SID2609025868,123456@Aa
SID2609026685,123456@Aa
SID2609026688,123456@Aa
SID2609026471,123456@Aa
SID2609026690,123456@Aa
SID2609026692,123456@Aa
SID2609025871,123456@Aa
SID2609026694,123456@Aa
SID2609026474,123456@Aa
SID2609026695,123456@Aa
SID2609025874,123456@Aa
SID2609026697,123456@Aa
SID2609026478,123456@Aa
SID2609026700,123456@Aa
SID2609025877,123456@Aa
SID2609026701,123456@Aa
SID2609026481,123456@Aa
SID2609025880,123456@Aa
SID2609026484,123456@Aa
SID2609025883,123456@Aa
SID2609026703,123456@Aa
SID2609025886,123456@Aa
SID2609026706,123456@Aa
SID2609026707,123456@Aa
SID2609026487,123456@Aa
SID2609025888,123456@Aa
SID2609026710,123456@Aa
SID2609026711,123456@Aa
SID2609025891,123456@Aa
SID2609026489,123456@Aa
SID2609026714,123456@Aa
SID2609025893,123456@Aa
SID2609026715,123456@Aa
SID2609026718,123456@Aa
SID2609025896,123456@Aa
SID2609025899,123456@Aa
SID2609026493,123456@Aa
SID2609026719,123456@Aa
SID2609026496,123456@Aa
SID2609025902,123456@Aa
SID2609026721,123456@Aa
SID2609026723,123456@Aa
SID2609026725,123456@Aa
SID2609026499,123456@Aa
SID2609025905,123456@Aa
SID2609025908,123456@Aa
SID2609026502,123456@Aa
SID2609025911,123456@Aa
SID2609026727,123456@Aa
SID2609026504,123456@Aa
SID2609026730,123456@Aa
SID2609026507,123456@Aa
SID2609026511,123456@Aa
SID2609025914,123456@Aa
SID2609025917,123456@Aa
SID2609026514,123456@Aa
SID2609025920,123456@Aa
SID2609026517,123456@Aa
SID2609025923,123456@Aa
SID2609026731,123456@Aa
SID2609026733,123456@Aa
SID2609026520,123456@Aa
SID2609026736,123456@Aa
SID2609026524,123456@Aa
SID2609026527,123456@Aa
SID2609026530,123456@Aa
SID2609025926,123456@Aa
SID2609026533,123456@Aa
SID2609026737,123456@Aa
SID2609025929,123456@Aa
SID2609026739,123456@Aa
SID2609026742,123456@Aa
SID2609026536,123456@Aa
SID2609026743,123456@Aa
SID2609025931,123456@Aa
SID2609026745,123456@Aa
SID2609025934,123456@Aa
SID2609026748,123456@Aa
SID2609025937,123456@Aa
SID2609026539,123456@Aa
SID2609025940,123456@Aa
SID2609026542,123456@Aa
SID2609026749,123456@Aa
SID2609025943,123456@Aa
SID2609026545,123456@Aa
SID2609025947,123456@Aa
SID2609026548,123456@Aa
SID2609025949,123456@Aa
SID2609026752,123456@Aa
SID2609026753,123456@Aa
SID2609025952,123456@Aa
SID2609026551,123456@Aa
SID2609026553,123456@Aa
SID2609026756,123456@Aa
SID2609026757,123456@Aa
SID2609026555,123456@Aa
SID2609025955,123456@Aa
SID2609026558,123456@Aa
SID2609026561,123456@Aa
SID2609026759,123456@Aa
SID2609026762,123456@Aa
SID2609025958,123456@Aa
SID2609025961,123456@Aa
SID2609026764,123456@Aa
SID2609026766,123456@Aa
SID2609026564,123456@Aa
SID2609026567,123456@Aa
SID2609025964,123456@Aa
SID2609026768,123456@Aa
SID2609026770,123456@Aa
SID2609026771,123456@Aa
SID2609025967,123456@Aa
SID2609025970,123456@Aa
SID2609026774,123456@Aa
SID2609025972,123456@Aa
SID2609025974,123456@Aa
SID2609026775,123456@Aa
SID2609026777,123456@Aa
SID2609025977,123456@Aa
SID2609025980,123456@Aa
SID2609026570,123456@Aa
SID2609026780,123456@Aa
SID2609025981,123456@Aa
SID2609025984,123456@Aa
SID2609026781,123456@Aa
SID2609026783,123456@Aa
SID2609026785,123456@Aa
SID2609026787,123456@Aa
SID2609026789,123456@Aa
SID2609026792,123456@Aa
SID2609025987,123456@Aa
SID2609026574,123456@Aa
SID2609026577,123456@Aa
SID2609025990,123456@Aa
SID2609025993,123456@Aa
SID2609026580,123456@Aa
SID2609025996,123456@Aa
SID2609026584,123456@Aa
SID2609026586,123456@Aa
SID2609026589,123456@Aa
SID2609026592,123456@Aa
SID2609026794,123456@Aa
SID2609026595,123456@Aa
SID2609026796,123456@Aa
SID2609025998,123456@Aa
SID2609026599,123456@Aa
SID2609026797,123456@Aa
SID2609026001,123456@Aa
SID2609026603,123456@Aa
SID2609026799,123456@Aa
SID2609026004,123456@Aa
SID2609026605,123456@Aa
SID2609026608,123456@Aa
SID2609026802,123456@Aa
SID2609026007,123456@Aa
SID2609026010,123456@Aa
SID2609026013,123456@Aa
SID2609026804,123456@Aa
SID2609026806,123456@Aa
SID2609026611,123456@Aa
SID2609026614,123456@Aa
SID2609026016,123456@Aa
SID2609026617,123456@Aa
SID2609026808,123456@Aa
SID2609026019,123456@Aa
SID2609026620,123456@Aa
SID2609026021,123456@Aa
SID2609026623,123456@Aa
SID2609026810,123456@Aa
SID2609026024,123456@Aa
SID2609026626,123456@Aa
SID2609026628,123456@Aa
SID2609026630,123456@Aa
SID2609026027,123456@Aa
SID2609026631,123456@Aa
SID2609026030,123456@Aa
SID2609026033,123456@Aa
SID2609026812,123456@Aa
SID2609026036,123456@Aa
SID2609026633,123456@Aa
SID2609026814,123456@Aa
SID2609026816,123456@Aa
SID2609026636,123456@Aa
SID2609026817,123456@Aa
SID2609026638,123456@Aa
SID2609026039,123456@Aa
SID2609026040,123456@Aa
SID2609026043,123456@Aa
SID2609026820,123456@Aa
SID2609026639,123456@Aa
SID2609026046,123456@Aa
SID2609026822,123456@Aa
SID2609026641,123456@Aa
SID2609026049,123456@Aa
SID2609026052,123456@Aa
SID2609026056,123456@Aa
SID2609026823,123456@Aa
SID2609026826,123456@Aa
SID2609026059,123456@Aa
SID2609026062,123456@Aa
SID2609026643,123456@Aa
SID2609026065,123456@Aa
SID2609026828,123456@Aa
SID2609026830,123456@Aa
SID2609026068,123456@Aa
SID2609026832,123456@Aa
SID2609026070,123456@Aa
SID2609026833,123456@Aa
SID2609026073,123456@Aa
SID2609026075,123456@Aa
SID2609026836,123456@Aa
SID2609026646,123456@Aa
SID2609026838,123456@Aa
SID2609026839,123456@Aa
SID2609026078,123456@Aa
SID2609026081,123456@Aa
SID2609026648,123456@Aa
SID2609026841,123456@Aa
SID2609026844,123456@Aa
SID2609026845,123456@Aa
SID2609026847,123456@Aa
SID2609026849,123456@Aa
SID2609026851,123456@Aa
SID2609026853,123456@Aa
SID2609026083,123456@Aa
SID2609026650,123456@Aa
SID2609026855,123456@Aa
SID2609026857,123456@Aa
SID2609026859,123456@Aa
SID2609026652,123456@Aa
SID2609026862,123456@Aa
SID2609026654,123456@Aa
SID2609026086,123456@Aa
SID2609026864,123456@Aa
SID2609026866,123456@Aa
SID2609026867,123456@Aa
SID2609026090,123456@Aa
SID2609026870,123456@Aa
SID2609026655,123456@Aa
SID2609026093,123456@Aa
SID2609026657,123456@Aa
SID2609026660,123456@Aa
SID2609026661,123456@Aa
SID2609026096,123456@Aa
SID2609026872,123456@Aa
SID2609026099,123456@Aa
SID2609026663,123456@Aa
SID2609026874,123456@Aa
SID2609026665,123456@Aa
SID2609026876,123456@Aa
SID2609026103,123456@Aa
SID2609026106,123456@Aa
SID2609026110,123456@Aa
SID2609026878,123456@Aa
SID2609026667,123456@Aa
SID2609026113,123456@Aa
SID2609026670,123456@Aa
SID2609026672,123456@Aa
SID2609026116,123456@Aa
SID2609026673,123456@Aa
SID2609026675,123456@Aa
SID2609026880,123456@Aa
SID2609026118,123456@Aa
SID2609026121,123456@Aa
SID2609026124,123456@Aa
SID2609026677,123456@Aa
SID2609026126,123456@Aa
SID2609026882,123456@Aa
SID2609026129,123456@Aa
SID2609026132,123456@Aa
SID2609026135,123456@Aa
SID2609026884,123456@Aa
SID2609026886,123456@Aa
SID2609026680,123456@Aa
SID2609026682,123456@Aa
SID2609026684,123456@Aa
SID2609026138,123456@Aa
SID2609026141,123456@Aa
SID2609026686,123456@Aa
SID2609026144,123456@Aa
SID2609026888,123456@Aa
SID2609026687,123456@Aa
SID2609026890,123456@Aa
SID2609026689,123456@Aa
SID2609026691,123456@Aa
SID2609026147,123456@Aa
SID2609026693,123456@Aa
SID2609026150,123456@Aa
SID2609026892,123456@Aa
SID2609026696,123456@Aa
SID2609026698,123456@Aa
SID2609026154,123456@Aa
SID2609026157,123456@Aa
SID2609026699,123456@Aa
SID2609026894,123456@Aa
SID2609026896,123456@Aa
SID2609026702,123456@Aa
SID2609026898,123456@Aa
SID2609026704,123456@Aa
SID2609026160,123456@Aa
SID2609026900,123456@Aa
SID2609026705,123456@Aa
SID2609026902,123456@Aa
SID2609026904,123456@Aa
SID2609026163,123456@Aa
SID2609026165,123456@Aa
SID2609026708,123456@Aa
SID2609026906,123456@Aa
SID2609026709,123456@Aa
SID2609026167,123456@Aa
SID2609026170,123456@Aa
SID2609026908,123456@Aa
SID2609026712,123456@Aa
SID2609026910,123456@Aa
SID2609026713,123456@Aa
SID2609026173,123456@Aa
SID2609026716,123456@Aa
SID2609026176,123456@Aa
SID2609026179,123456@Aa
SID2609026181,123456@Aa
SID2609026717,123456@Aa
SID2609026183,123456@Aa
SID2609026185,123456@Aa
SID2609026187,123456@Aa
SID2609026190,123456@Aa
SID2609026912,123456@Aa
SID2609026720,123456@Aa
SID2609026914,123456@Aa
SID2609026193,123456@Aa
SID2609026196,123456@Aa
SID2609026722,123456@Aa
SID2609026199,123456@Aa
SID2609026724,123456@Aa
SID2609026202,123456@Aa
SID2609026726,123456@Aa
SID2609026728,123456@Aa
SID2609026205,123456@Aa
SID2609026207,123456@Aa
SID2609026210,123456@Aa
SID2609026213,123456@Aa
SID2609026729,123456@Aa
SID2609026732,123456@Aa
SID2609026216,123456@Aa
SID2609026734,123456@Aa
SID2609026735,123456@Aa
SID2609026738,123456@Aa
SID2609026219,123456@Aa
SID2609026740,123456@Aa
SID2609026741,123456@Aa
SID2609026744,123456@Aa
SID2609026746,123456@Aa
SID2609026747,123456@Aa
SID2609026222,123456@Aa
SID2609026750,123456@Aa
SID2609026751,123456@Aa
SID2609026754,123456@Aa
SID2609026225,123456@Aa
SID2609026755,123456@Aa
SID2609026228,123456@Aa
SID2609026231,123456@Aa
SID2609026916,123456@Aa
SID2609026758,123456@Aa
SID2609026234,123456@Aa
SID2609026760,123456@Aa
SID2609026761,123456@Aa
SID2609026235,123456@Aa
SID2609026918,123456@Aa
SID2609026238,123456@Aa
SID2609026241,123456@Aa
SID2609026921,123456@Aa
SID2609026244,123456@Aa
SID2609026245,123456@Aa
SID2609026248,123456@Aa
SID2609026923,123456@Aa
SID2609026925,123456@Aa
SID2609026927,123456@Aa
SID2609026929,123456@Aa
SID2609026931,123456@Aa
SID2609026251,123456@Aa
SID2609026255,123456@Aa
SID2609026257,123456@Aa
SID2609026763,123456@Aa
SID2609026260,123456@Aa
SID2609026765,123456@Aa
SID2609026263,123456@Aa
SID2609026265,123456@Aa
SID2609026933,123456@Aa
SID2609026767,123456@Aa
SID2609026935,123456@Aa
SID2609026936,123456@Aa
SID2609026769,123456@Aa
SID2609026267,123456@Aa
SID2609026270,123456@Aa
SID2609026273,123456@Aa
SID2609026772,123456@Aa
SID2609026773,123456@Aa
SID2609026776,123456@Aa
SID2609026938,123456@Aa
SID2609026941,123456@Aa
SID2609026778,123456@Aa
SID2609026943,123456@Aa
SID2609026945,123456@Aa
SID2609026779,123456@Aa
SID2609026782,123456@Aa
SID2609026947,123456@Aa
SID2609026276,123456@Aa
SID2609026784,123456@Aa
SID2609026279,123456@Aa
SID2609026282,123456@Aa
SID2609026949,123456@Aa
SID2609026285,123456@Aa
SID2609026288,123456@Aa
SID2609026786,123456@Aa
SID2609026951,123456@Aa
SID2609026788,123456@Aa
SID2609026952,123456@Aa
SID2609026790,123456@Aa
SID2609026954,123456@Aa
SID2609026957,123456@Aa
SID2609026290,123456@Aa
SID2609026959,123456@Aa
SID2609026294,123456@Aa
SID2609026961,123456@Aa
SID2609026963,123456@Aa
SID2609026965,123456@Aa
SID2609026966,123456@Aa
SID2609026791,123456@Aa
SID2609026297,123456@Aa
SID2609026793,123456@Aa
SID2609026795,123456@Aa
SID2609026968,123456@Aa
SID2609026798,123456@Aa
SID2609026800,123456@Aa
SID2609026300,123456@Aa
SID2609026303,123456@Aa
SID2609026306,123456@Aa
SID2609026971,123456@Aa
SID2609026801,123456@Aa
SID2609026309,123456@Aa
SID2609026973,123456@Aa
SID2609026803,123456@Aa
SID2609026975,123456@Aa
SID2609026312,123456@Aa
SID2609026805,123456@Aa
SID2609026315,123456@Aa
SID2609026318,123456@Aa
SID2609026321,123456@Aa
SID2609026807,123456@Aa
SID2609026977,123456@Aa
SID2609026809,123456@Aa
SID2609026811,123456@Aa
SID2609026324,123456@Aa
SID2609026325,123456@Aa
SID2609026979,123456@Aa
SID2609026981,123456@Aa
SID2609026813,123456@Aa
SID2609026983,123456@Aa
SID2609026328,123456@Aa
SID2609026815,123456@Aa
SID2609026331,123456@Aa
SID2609026333,123456@Aa
SID2609026985,123456@Aa
SID2609026818,123456@Aa
SID2609026336,123456@Aa
SID2609026339,123456@Aa
SID2609026986,123456@Aa
SID2609026341,123456@Aa
SID2609026988,123456@Aa
SID2609026990,123456@Aa
SID2609026993,123456@Aa
SID2609026994,123456@Aa
SID2609026344,123456@Aa
SID2609026819,123456@Aa
SID2609026996,123456@Aa
SID2609026998,123456@Aa
SID2609027000,123456@Aa
SID2609026821,123456@Aa
SID2609026347,123456@Aa
SID2609026824,123456@Aa
SID2609026825,123456@Aa
SID2609026351,123456@Aa
SID2609027003,123456@Aa
SID2609026827,123456@Aa
SID2609026829,123456@Aa
SID2609027004,123456@Aa
SID2609026352,123456@Aa
SID2609026831,123456@Aa
SID2609026355,123456@Aa
SID2609027006,123456@Aa
SID2609027008,123456@Aa
SID2609027011,123456@Aa
SID2609026360,123456@Aa
SID2609026363,123456@Aa
SID2609027012,123456@Aa
SID2609026834,123456@Aa
SID2609027014,123456@Aa
SID2609026835,123456@Aa
SID2609026837,123456@Aa
SID2609027017,123456@Aa
SID2609027018,123456@Aa
SID2609026366,123456@Aa
SID2609026840,123456@Aa
SID2609026842,123456@Aa
SID2609027021,123456@Aa
SID2609026368,123456@Aa
SID2609027023,123456@Aa
SID2609027025,123456@Aa
SID2609026843,123456@Aa
SID2609026371,123456@Aa
SID2609026373,123456@Aa
SID2609026846,123456@Aa
SID2609026376,123456@Aa
SID2609027026,123456@Aa
SID2609026848,123456@Aa
SID2609027028,123456@Aa
SID2609027030,123456@Aa
SID2609026850,123456@Aa
SID2609026852,123456@Aa
SID2609026854,123456@Aa
SID2609026856,123456@Aa
SID2609026858,123456@Aa
SID2609026379,123456@Aa
SID2609027032,123456@Aa
SID2609026860,123456@Aa
SID2609027034,123456@Aa
SID2609026861,123456@Aa
SID2609026384,123456@Aa
SID2609027036,123456@Aa
SID2609026387,123456@Aa
SID2609026389,123456@Aa
SID2609026391,123456@Aa
SID2609027038,123456@Aa
SID2609027040,123456@Aa
SID2609027042,123456@Aa
SID2609026863,123456@Aa
SID2609027044,123456@Aa
SID2609027045,123456@Aa
SID2609026865,123456@Aa
SID2609026868,123456@Aa
SID2609027046,123456@Aa
SID2609027047,123456@Aa
SID2609027048,123456@Aa
SID2609026869,123456@Aa
SID2609027049,123456@Aa
SID2609026394,123456@Aa
SID2609027050,123456@Aa
SID2609027051,123456@Aa
SID2609027052,123456@Aa
SID2609026871,123456@Aa
SID2609026873,123456@Aa
SID2609027053,123456@Aa
SID2609026397,123456@Aa
SID2609026875,123456@Aa
SID2609026877,123456@Aa
SID2609026879,123456@Aa
SID2609026400,123456@Aa
SID2609026881,123456@Aa
SID2609026403,123456@Aa
SID2609027054,123456@Aa
SID2609027055,123456@Aa
SID2609026883,123456@Aa
SID2609027056,123456@Aa
SID2609026406,123456@Aa
SID2609027057,123456@Aa
SID2609026409,123456@Aa
SID2609027058,123456@Aa
SID2609026885,123456@Aa
SID2609026412,123456@Aa
SID2609027059,123456@Aa
SID2609026415,123456@Aa
SID2609027060,123456@Aa
SID2609026887,123456@Aa
SID2609026418,123456@Aa
SID2609026421,123456@Aa
SID2609026424,123456@Aa
SID2609026428,123456@Aa
SID2609026889,123456@Aa
SID2609027061,123456@Aa
SID2609027062,123456@Aa
SID2609026891,123456@Aa
SID2609027063,123456@Aa
SID2609026432,123456@Aa
SID2609027064,123456@Aa
SID2609027065,123456@Aa
SID2609027066,123456@Aa
SID2609026893,123456@Aa
SID2609027067,123456@Aa
SID2609027068,123456@Aa
SID2609026895,123456@Aa
SID2609026897,123456@Aa
SID2609026899,123456@Aa
SID2609027069,123456@Aa
SID2609026901,123456@Aa
SID2609026435,123456@Aa
SID2609027070,123456@Aa
SID2609026438,123456@Aa
SID2609027071,123456@Aa
SID2609027072,123456@Aa
SID2609026903,123456@Aa
SID2609026441,123456@Aa
SID2609027073,123456@Aa
SID2609026445,123456@Aa
SID2609026905,123456@Aa
SID2609026448,123456@Aa
SID2609026451,123456@Aa
SID2609026454,123456@Aa
SID2609026907,123456@Aa
SID2609026909,123456@Aa
SID2609027074,123456@Aa
SID2609026911,123456@Aa
SID2609026913,123456@Aa
SID2609026915,123456@Aa
SID2609026917,123456@Aa
SID2609026457,123456@Aa
SID2609026461,123456@Aa
SID2609026464,123456@Aa
SID2609026467,123456@Aa
SID2609026919,123456@Aa
SID2609026920,123456@Aa
SID2609027075,123456@Aa
SID2609026470,123456@Aa
SID2609027076,123456@Aa
SID2609026922,123456@Aa
SID2609027077,123456@Aa
SID2609026473,123456@Aa
SID2609026924,123456@Aa
SID2609027078,123456@Aa
SID2609027079,123456@Aa
SID2609026475,123456@Aa
SID2609026926,123456@Aa
SID2609026928,123456@Aa
SID2609027080,123456@Aa
SID2609026477,123456@Aa
SID2609027081,123456@Aa
SID2609026480,123456@Aa
SID2609027082,123456@Aa
SID2609026930,123456@Aa
SID2609026483,123456@Aa
SID2609026932,123456@Aa
SID2609027083,123456@Aa
SID2609026486,123456@Aa
SID2609026490,123456@Aa
SID2609026934,123456@Aa
SID2609027084,123456@Aa
SID2609026492,123456@Aa
SID2609026937,123456@Aa
SID2609026939,123456@Aa
SID2609026495,123456@Aa
SID2609026498,123456@Aa
SID2609027085,123456@Aa
SID2609027086,123456@Aa
SID2609026501,123456@Aa
SID2609027087,123456@Aa
SID2609027088,123456@Aa
SID2609027089,123456@Aa
SID2609026505,123456@Aa
SID2609026509,123456@Aa
SID2609027090,123456@Aa
SID2609026940,123456@Aa
SID2609026512,123456@Aa
SID2609026515,123456@Aa
SID2609026942,123456@Aa
SID2609026944,123456@Aa
SID2609026518,123456@Aa
SID2609026946,123456@Aa
SID2609026948,123456@Aa
SID2609027091,123456@Aa
SID2609027092,123456@Aa
SID2609026521,123456@Aa
SID2609026950,123456@Aa
SID2609027093,123456@Aa
SID2609026953,123456@Aa
SID2609027094,123456@Aa
SID2609026955,123456@Aa
SID2609027095,123456@Aa
SID2609026956,123456@Aa
SID2609026523,123456@Aa
SID2609026958,123456@Aa
SID2609026960,123456@Aa
SID2609026526,123456@Aa
SID2609026529,123456@Aa
SID2609026962,123456@Aa
SID2609026964,123456@Aa
SID2609026967,123456@Aa
SID2609026969,123456@Aa
SID2609027096,123456@Aa
SID2609026970,123456@Aa
SID2609026972,123456@Aa
SID2609026532,123456@Aa
SID2609026974,123456@Aa
SID2609027097,123456@Aa
SID2609026976,123456@Aa
SID2609027098,123456@Aa
SID2609027099,123456@Aa
SID2609026535,123456@Aa
SID2609026538,123456@Aa
SID2609027100,123456@Aa
SID2609026541,123456@Aa
SID2609026978,123456@Aa
SID2609027101,123456@Aa
SID2609027102,123456@Aa
SID2609026543,123456@Aa
SID2609026980,123456@Aa
SID2609026982,123456@Aa
SID2609026984,123456@Aa
SID2609026987,123456@Aa
SID2609026547,123456@Aa
SID2609026989,123456@Aa
SID2609027103,123456@Aa
SID2609027104,123456@Aa
SID2609026550,123456@Aa
SID2609027105,123456@Aa
SID2609026991,123456@Aa
SID2609026554,123456@Aa
SID2609026557,123456@Aa
SID2609027106,123456@Aa
SID2609026992,123456@Aa
SID2609026560,123456@Aa
SID2609026563,123456@Aa
SID2609026995,123456@Aa
SID2609026566,123456@Aa
SID2609026997,123456@Aa
SID2609026999,123456@Aa
SID2609027107,123456@Aa
SID2609027001,123456@Aa
SID2609026568,123456@Aa
SID2609027002,123456@Aa
SID2609027108,123456@Aa
SID2609027005,123456@Aa
SID2609026571,123456@Aa
SID2609027109,123456@Aa
SID2609027007,123456@Aa
SID2609026573,123456@Aa
SID2609027110,123456@Aa
SID2609026576,123456@Aa
SID2609027009,123456@Aa
SID2609026579,123456@Aa
SID2609027111,123456@Aa
SID2609026582,123456@Aa
SID2609027010,123456@Aa
SID2609026587,123456@Aa
SID2609026590,123456@Aa
SID2609027112,123456@Aa
SID2609027013,123456@Aa
SID2609026593,123456@Aa
SID2609027015,123456@Aa
SID2609027113,123456@Aa
SID2609027016,123456@Aa
SID2609027114,123456@Aa
SID2609026596,123456@Aa
SID2609027115,123456@Aa
SID2609026600,123456@Aa
SID2609027116,123456@Aa
SID2609027019,123456@Aa
SID2609026602,123456@Aa
SID2609027117,123456@Aa
SID2609027118,123456@Aa
SID2609027119,123456@Aa
SID2609027120,123456@Aa
SID2609027121,123456@Aa
SID2609027020,123456@Aa
SID2609027122,123456@Aa
SID2609027123,123456@Aa
SID2609026606,123456@Aa
SID2609027124,123456@Aa
SID2609027125,123456@Aa
SID2609027126,123456@Aa
SID2609027022,123456@Aa
SID2609027024,123456@Aa
SID2609027027,123456@Aa
SID2609027029,123456@Aa
SID2609027031,123456@Aa
SID2609026609,123456@Aa
SID2609027127,123456@Aa
SID2609026612,123456@Aa
SID2609026616,123456@Aa
SID2609027033,123456@Aa
SID2609027035,123456@Aa
SID2609026619,123456@Aa
SID2609027037,123456@Aa
SID2609027128,123456@Aa
SID2609027129,123456@Aa
SID2609027039,123456@Aa
SID2609027041,123456@Aa
SID2609027130,123456@Aa
SID2609026621,123456@Aa
SID2609026624,123456@Aa
SID2609027131,123456@Aa
SID2609027043,123456@Aa
